,usuario,texto,texto_limpio,tokens
0,Eduardo Grajales,Ers una polÃ­tica quÃ© te falta humildad haces aparentar una persona muy sencilla,ers una poltica qu te falta humildad haces aparentar una persona muy sencilla,"['ers', 'una', 'poltica', 'qu', 'te', 'falta', 'humildad', 'haces', 'aparentar', 'una', 'persona', 'muy', 'sencilla']"
1,TanguyMoo,Se aprovechan de la gente ahora que estÃ¡n en campaÃ±a! Corrupta como todos los polÃ­ticos incluyendo a morena! Lacra! ğŸ‘ğŸ¾,se aprovechan de la gente ahora que estn en campaa corrupta como todos los polticos incluyendo a morena lacra ,"['se', 'aprovechan', 'de', 'la', 'gente', 'ahora', 'que', 'estn', 'en', 'campaa', 'corrupta', 'como', 'todos', 'los', 'polticos', 'incluyendo', 'a', 'morena', 'lacra']"
2,user6986649228326,"SI ASÃ COMO HACEN TIK TOKS, TRABAJARAN",si as como hacen tik toks trabajaran,"['si', 'as', 'como', 'hacen', 'tik', 'toks', 'trabajaran']"
3,hectorlanda7777,"Y por eso les pagan una lanota servidores pÃºblicos, que paupÃ©rrimo nivel",y por eso les pagan una lanota servidores pblicos que pauprrimo nivel,"['y', 'por', 'eso', 'les', 'pagan', 'una', 'lanota', 'servidores', 'pblicos', 'que', 'pauprrimo', 'nivel']"
4,JESUS DIAZ,como polÃ­tico das mucho que desear,como poltico das mucho que desear,"['como', 'poltico', 'das', 'mucho', 'que', 'desear']"
5,edmundodantÃ©sL.,digna representante del gremio de ratas de Manuel velasco.,digna representante del gremio de ratas de manuel velasco,"['digna', 'representante', 'del', 'gremio', 'de', 'ratas', 'de', 'manuel', 'velasco']"
6,pepereyes22,"ridiculo hace con sus disque mujeres autÃ³ctonas, claro se ve que son cercanas de ella, ni los rasgos",ridiculo hace con sus disque mujeres autctonas claro se ve que son cercanas de ella ni los rasgos,"['ridiculo', 'hace', 'con', 'sus', 'disque', 'mujeres', 'autctonas', 'claro', 'se', 've', 'que', 'son', 'cercanas', 'de', 'ella', 'ni', 'los', 'rasgos']"
7,user35513593493,"corrupta veracruzana , esta feliz del saqueo que ha realizado al erario publico de Chiapas",corrupta veracruzana  esta feliz del saqueo que ha realizado al erario publico de chiapas,"['corrupta', 'veracruzana', 'esta', 'feliz', 'del', 'saqueo', 'que', 'ha', 'realizado', 'al', 'erario', 'publico', 'de', 'chiapas']"
8,Helmuth Wiechmann,ğŸ˜‚ğŸ˜‚ğŸ˜‚,,[]
9,patolink....,Huy que mal jeje,huy que mal jeje,"['huy', 'que', 'mal', 'jeje']"
10,Alejandro A. Madrid,ğŸ˜‚ğŸ˜‚ğŸ¥°ğŸ¥°,,[]
11,albertorodriguez4791,Que gran Plagio del tik tok del,que gran plagio del tik tok del,"['que', 'gran', 'plagio', 'del', 'tik', 'tok', 'del']"
12,Francisco Arroyo M,Ni de chiapas es y quiere ser gobernadorağŸ¤£ estuvo con peÃ±a y ahora es de morena,ni de chiapas es y quiere ser gobernadora estuvo con pea y ahora es de morena,"['ni', 'de', 'chiapas', 'es', 'y', 'quiere', 'ser', 'gobernadora', 'estuvo', 'con', 'pea', 'y', 'ahora', 'es', 'de', 'morena']"
13,Hanabatah,ğŸ˜‚ğŸ˜‚ğŸ˜‚,,[]
14,user3821728218117,"con claudia nooo claro k no, ali empezo ustde mal",con claudia nooo claro k no ali empezo ustde mal,"['con', 'claudia', 'nooo', 'claro', 'k', 'no', 'ali', 'empezo', 'ustde', 'mal']"
15,Ãngel ColÃ­n,hablando de avaricia ğŸ˜…ğŸ˜…. veo video marcelo y ahora de...,hablando de avaricia  veo video marcelo y ahora de,"['hablando', 'de', 'avaricia', 'veo', 'video', 'marcelo', 'y', 'ahora', 'de']"
16,Rene Velasco10,solo xk estas preciosa votare xti sasil,solo xk estas preciosa votare xti sasil,"['solo', 'xk', 'estas', 'preciosa', 'votare', 'xti', 'sasil']"
17,wen wen,COMO SIEMPRE QUIERES COLGARTE DE ALGO QUE TU NO HACESğŸ˜‚,como siempre quieres colgarte de algo que tu no haces,"['como', 'siempre', 'quieres', 'colgarte', 'de', 'algo', 'que', 'tu', 'no', 'haces']"
18,wen wen,"por que pones fotos de un evento que no es tuyo, el dia que claudia llegÃ³ a sancris ni te dejaron subir al templete porque no estabas invitada",por que pones fotos de un evento que no es tuyo el dia que claudia lleg a sancris ni te dejaron subir al templete porque no estabas invitada,"['por', 'que', 'pones', 'fotos', 'de', 'un', 'evento', 'que', 'no', 'es', 'tuyo', 'el', 'dia', 'que', 'claudia', 'lleg', 'a', 'sancris', 'ni', 'te', 'dejaron', 'subir', 'al', 'templete', 'porque', 'no', 'estabas', 'invitada']"
19,luigy396,"ESTOY CON LA 4T,PERO ESTA SEÃ‘ORA NO DEBERIA SER CANDIDATA,QUE HA HECHO POR CHIAPAS?? NADA!! SOLO CALENTAR LA SILLA Y POSAR PARA LAS FOTOS...",estoy con la tpero esta seora no deberia ser candidataque ha hecho por chiapas nada solo calentar la silla y posar para las fotos,"['estoy', 'con', 'la', 'tpero', 'esta', 'seora', 'no', 'deberia', 'ser', 'candidataque', 'ha', 'hecho', 'por', 'chiapas', 'nada', 'solo', 'calentar', 'la', 'silla', 'y', 'posar', 'para', 'las', 'fotos']"
20,moises_gutierrez _PiÃ±eiro,ğŸ˜¡,,[]
21,moises_gutierrez _PiÃ±eiro,"en Chiapas ya no mÃ¡s ratas como sasil y Eduuardo RamÃ­rez
Chiapas un desmadre por culpa de estos polÃ­ticos rata","en chiapas ya no ms ratas como sasil y eduuardo ramrez
chiapas un desmadre por culpa de estos polticos rata","['en', 'chiapas', 'ya', 'no', 'ms', 'ratas', 'como', 'sasil', 'y', 'eduuardo', 'ramrez', 'chiapas', 'un', 'desmadre', 'por', 'culpa', 'de', 'estos', 'polticos', 'rata']"
22,lalala,queremos un MÃ©xico libre no con lo mismo cada dÃ­a vamos peor Chiapas estÃ¡ peor y que ha hecho estÃ¡ fulana por chiapas,queremos un mxico libre no con lo mismo cada da vamos peor chiapas est peor y que ha hecho est fulana por chiapas,"['queremos', 'un', 'mxico', 'libre', 'no', 'con', 'lo', 'mismo', 'cada', 'da', 'vamos', 'peor', 'chiapas', 'est', 'peor', 'y', 'que', 'ha', 'hecho', 'est', 'fulana', 'por', 'chiapas']"
23,lalala,hay ya la regastes otra copia,hay ya la regastes otra copia,"['hay', 'ya', 'la', 'regastes', 'otra', 'copia']"
24,patolink....,ğŸ˜,,[]
25,ricardocarrasco734,"Lamentable que siendo una persona tan joven, tenga tan malos comentarios en su trabajo.",lamentable que siendo una persona tan joven tenga tan malos comentarios en su trabajo,"['lamentable', 'que', 'siendo', 'una', 'persona', 'tan', 'joven', 'tenga', 'tan', 'malos', 'comentarios', 'en', 'su', 'trabajo']"
26,pepereyes22,estÃ¡n viendo como arde la repÃºblica por la delincuencia y la polÃ­tica barata del viejito y quieren seguir con la misma fregadera,estn viendo como arde la repblica por la delincuencia y la poltica barata del viejito y quieren seguir con la misma fregadera,"['estn', 'viendo', 'como', 'arde', 'la', 'repblica', 'por', 'la', 'delincuencia', 'y', 'la', 'poltica', 'barata', 'del', 'viejito', 'y', 'quieren', 'seguir', 'con', 'la', 'misma', 'fregadera']"
27,"rovs,saivan",ğŸ™„ llegÃ³ a Escuintla y ni siquiera saludo cuando salio de su reuniÃ³n ğŸ™„ no te cuelgues. solo de ella hablas ğŸ˜‚, lleg a escuintla y ni siquiera saludo cuando salio de su reunin  no te cuelgues solo de ella hablas ,"['lleg', 'a', 'escuintla', 'y', 'ni', 'siquiera', 'saludo', 'cuando', 'salio', 'de', 'su', 'reunin', 'no', 'te', 'cuelgues', 'solo', 'de', 'ella', 'hablas']"
28,victordiaz7000,Ipocrita traidora lambiscona,ipocrita traidora lambiscona,"['ipocrita', 'traidora', 'lambiscona']"
29,mariaantoniasanch316,Por medio de la religiÃ³nlogro colarse,por medio de la religinlogro colarse,"['por', 'medio', 'de', 'la', 'religinlogro', 'colarse']"
30,Nacho nache,Otra que se arrastra para parecer buwna gente,otra que se arrastra para parecer buwna gente,"['otra', 'que', 'se', 'arrastra', 'para', 'parecer', 'buwna', 'gente']"
31,Armando Zamora,con todo senadora total apoyo,con todo senadora total apoyo,"['con', 'todo', 'senadora', 'total', 'apoyo']"
32,Elena Coronel,felicidades senadora,felicidades senadora,"['felicidades', 'senadora']"
33,user8528671091048,sabe ud de la problemÃ¡tica que hay en frontera comalapa??? quiere ganarse un punto?? ayude a este municipio ya que nadie nos toma en cuenta!!,sabe ud de la problemtica que hay en frontera comalapa quiere ganarse un punto ayude a este municipio ya que nadie nos toma en cuenta,"['sabe', 'ud', 'de', 'la', 'problemtica', 'que', 'hay', 'en', 'frontera', 'comalapa', 'quiere', 'ganarse', 'un', 'punto', 'ayude', 'a', 'este', 'municipio', 'ya', 'que', 'nadie', 'nos', 'toma', 'en', 'cuenta']"
34,pepereyes22,"otra que quiere ser candidata y seguir fregando al estado, nada bueno ha hecho por el estado",otra que quiere ser candidata y seguir fregando al estado nada bueno ha hecho por el estado,"['otra', 'que', 'quiere', 'ser', 'candidata', 'y', 'seguir', 'fregando', 'al', 'estado', 'nada', 'bueno', 'ha', 'hecho', 'por', 'el', 'estado']"
35,zeppelin_uno,"otra rata!!!!!
cuantos millones te chingaste??","otra rata
cuantos millones te chingaste","['otra', 'rata', 'cuantos', 'millones', 'te', 'chingaste']"
36,Machin1240592,"siempre la misma propaganda y polÃ­tica de Chiapas y todo MÃ©xico.
Bueno es lo Ãºnico que hay, penozamente.","siempre la misma propaganda y poltica de chiapas y todo mxico
bueno es lo nico que hay penozamente","['siempre', 'la', 'misma', 'propaganda', 'y', 'poltica', 'de', 'chiapas', 'y', 'todo', 'mxico', 'bueno', 'es', 'lo', 'nico', 'que', 'hay', 'penozamente']"
37,Ãngel del Cielo,pura mentira esta seÃ±ora ni en su casa lo conocÃ­an pura mentira se avergÃ¼enza de su origen,pura mentira esta seora ni en su casa lo conocan pura mentira se avergenza de su origen,"['pura', 'mentira', 'esta', 'seora', 'ni', 'en', 'su', 'casa', 'lo', 'conocan', 'pura', 'mentira', 'se', 'avergenza', 'de', 'su', 'origen']"
38,Armando Zamora,vamos con todo sasil,vamos con todo sasil,"['vamos', 'con', 'todo', 'sasil']"
39,lalala,para poder votar necesito saber que ha hecho que me convenza para votar por ella,para poder votar necesito saber que ha hecho que me convenza para votar por ella,"['para', 'poder', 'votar', 'necesito', 'saber', 'que', 'ha', 'hecho', 'que', 'me', 'convenza', 'para', 'votar', 'por', 'ella']"
40,lalala,si ahorita es humilde pero que alguien me diga que ha hecho por Chiapas desconozco que ha hecho,si ahorita es humilde pero que alguien me diga que ha hecho por chiapas desconozco que ha hecho,"['si', 'ahorita', 'es', 'humilde', 'pero', 'que', 'alguien', 'me', 'diga', 'que', 'ha', 'hecho', 'por', 'chiapas', 'desconozco', 'que', 'ha', 'hecho']"
41,victordiaz7000,Jajaja nobtiene verguenza el poder los ciega y traiciona una ratota,jajaja nobtiene verguenza el poder los ciega y traiciona una ratota,"['jajaja', 'nobtiene', 'verguenza', 'el', 'poder', 'los', 'ciega', 'y', 'traiciona', 'una', 'ratota']"
42,glezal,jejejejejee,jejejejejee,['jejejejejee']
43,Eduardo Grajales,Que humildad q la gente se da cuenta,que humildad q la gente se da cuenta,"['que', 'humildad', 'q', 'la', 'gente', 'se', 'da', 'cuenta']"
44,Dan.iel,ya regreso??,ya regreso,"['ya', 'regreso']"
45,sofia lunes,echale ganas sasil viva sasil,echale ganas sasil viva sasil,"['echale', 'ganas', 'sasil', 'viva', 'sasil']"
46,juancarloscast8122,RATA,rata,['rata']
49,rubinabla,ahorita hasta se pega con sus cabezas porque quiere votos despues si gana no las conoce ella es rica esto lo hace por conveniencia no creaan,ahorita hasta se pega con sus cabezas porque quiere votos despues si gana no las conoce ella es rica esto lo hace por conveniencia no creaan,"['ahorita', 'hasta', 'se', 'pega', 'con', 'sus', 'cabezas', 'porque', 'quiere', 'votos', 'despues', 'si', 'gana', 'no', 'las', 'conoce', 'ella', 'es', 'rica', 'esto', 'lo', 'hace', 'por', 'conveniencia', 'no', 'creaan']"
50,Nacho nache,No deberÃ­a estar en la carcel por ratera,no debera estar en la carcel por ratera,"['no', 'debera', 'estar', 'en', 'la', 'carcel', 'por', 'ratera']"
51,user1154198750810,Siempre aquÃ­ en mi pueblo todos con sasil,siempre aqu en mi pueblo todos con sasil,"['siempre', 'aqu', 'en', 'mi', 'pueblo', 'todos', 'con', 'sasil']"
54,astrid09hassey9,"las q aun tienenlandicha de tenerlas abrazenkas y consientanlas no solo hoy siempre, los abuelos son los principales pilares de la familia ğŸ¥°ğŸ¥°ğŸ¥°",las q aun tienenlandicha de tenerlas abrazenkas y consientanlas no solo hoy siempre los abuelos son los principales pilares de la familia ,"['las', 'q', 'aun', 'tienenlandicha', 'de', 'tenerlas', 'abrazenkas', 'y', 'consientanlas', 'no', 'solo', 'hoy', 'siempre', 'los', 'abuelos', 'son', 'los', 'principales', 'pilares', 'de', 'la', 'familia']"
55,patolink....,Claudia si va,claudia si va,"['claudia', 'si', 'va']"
56,Kriss Valen,ğŸ¥°ğŸ¥°ğŸ¥°ğŸ¥°,,[]
57,Barba_Roja,En Villaflores no hizo nada mÃ¡s que robar,en villaflores no hizo nada ms que robar,"['en', 'villaflores', 'no', 'hizo', 'nada', 'ms', 'que', 'robar']"
58,pattymoreno791,es el cerrito de San CristÃ³bal ğŸ˜,es el cerrito de san cristbal ,"['es', 'el', 'cerrito', 'de', 'san', 'cristbal']"
59,giode leon,no es que sea machista simplemente no tiene la inteligencia y la estrategia que se requiere para ser gobernadora de chiapas un estado pobre y rico!,no es que sea machista simplemente no tiene la inteligencia y la estrategia que se requiere para ser gobernadora de chiapas un estado pobre y rico,"['no', 'es', 'que', 'sea', 'machista', 'simplemente', 'no', 'tiene', 'la', 'inteligencia', 'y', 'la', 'estrategia', 'que', 'se', 'requiere', 'para', 'ser', 'gobernadora', 'de', 'chiapas', 'un', 'estado', 'pobre', 'y', 'rico']"
60,giode leon,ella no puede ser gobernadora de chiapas quedarÃ­a peor que Manuel velazco vienen de la misma cuna si rutilio no hizo nada se imaginan ella!,ella no puede ser gobernadora de chiapas quedara peor que manuel velazco vienen de la misma cuna si rutilio no hizo nada se imaginan ella,"['ella', 'no', 'puede', 'ser', 'gobernadora', 'de', 'chiapas', 'quedara', 'peor', 'que', 'manuel', 'velazco', 'vienen', 'de', 'la', 'misma', 'cuna', 'si', 'rutilio', 'no', 'hizo', 'nada', 'se', 'imaginan', 'ella']"
61,FLP,Claudia espuria! No tienes legitimidad! Me das nauseas!,claudia espuria no tienes legitimidad me das nauseas,"['claudia', 'espuria', 'no', 'tienes', 'legitimidad', 'me', 'das', 'nauseas']"
62,DamiÃ¡n OrdÃ³Ã±ez,ğŸ¥°,,[]
63,Diego Moreno,Es tiempo de las mujeres!!,es tiempo de las mujeres,"['es', 'tiempo', 'de', 'las', 'mujeres']"
64,Aremi Rubi Arreola Zavaleta,#Estiempo de las mujeres bendiciones para ambas,estiempo de las mujeres bendiciones para ambas,"['estiempo', 'de', 'las', 'mujeres', 'bendiciones', 'para', 'ambas']"
65,elpendejomedicen,saludos desde tapachula bendiciones,saludos desde tapachula bendiciones,"['saludos', 'desde', 'tapachula', 'bendiciones']"
66,Alejandra MÃ©ndez1255,"No se hace ni la mitad con esas dos,",no se hace ni la mitad con esas dos,"['no', 'se', 'hace', 'ni', 'la', 'mitad', 'con', 'esas', 'dos']"
67,Ã‚ngel Lorenzana,ğŸ˜…,,[]
68,J D Cruz,Claudia Sheinbaum presidente,claudia sheinbaum presidente,"['claudia', 'sheinbaum', 'presidente']"
69,Sayuri GÃ³mez,"Vamos con Sasil de LeÃ³n
Para Chiapas la mejor opciÃ³n!!","vamos con sasil de len
para chiapas la mejor opcin","['vamos', 'con', 'sasil', 'de', 'len', 'para', 'chiapas', 'la', 'mejor', 'opcin']"
70,Gitana,#EsTiempoDeLasMujeres,estiempodelasmujeres,['estiempodelasmujeres']
71,Rodrigo Betancourt,ğŸ‘ğŸ‘ğŸ‘,,[]
72,lizhasy,"Dos mujeres bellas e inteligentes ,",dos mujeres bellas e inteligentes ,"['dos', 'mujeres', 'bellas', 'e', 'inteligentes']"
73,Maria Soledad Solis Granados,nuestra proxima Presidebta de la Republica Mexicana y Gobernadora del estado de Chiapas ğŸ‘ ğŸ‘ ğŸ‘ ğŸ‘ ğŸ‘ ğŸ‘ ğŸ‘ ğŸ‘,nuestra proxima presidebta de la republica mexicana y gobernadora del estado de chiapas        ,"['nuestra', 'proxima', 'presidebta', 'de', 'la', 'republica', 'mexicana', 'y', 'gobernadora', 'del', 'estado', 'de', 'chiapas']"
74,Exaljuan1,â¤â¤â¤â¤â¤â¤,,[]
75,Dannai D'amiano,ğŸ‘ğŸ‘,,[]
76,Laura De Leon Carden,ğŸ‘ğŸ‘ğŸ‘ la mejor opciÃ³n para Chiapas ğŸ‘Œ, la mejor opcin para chiapas ,"['la', 'mejor', 'opcin', 'para', 'chiapas']"
77,Diego Moreno,ğŸ‘,,[]
78,jazmin,Es tiempo de las mujeres #EsSasil,es tiempo de las mujeres essasil,"['es', 'tiempo', 'de', 'las', 'mujeres', 'essasil']"
79,Sayuri GÃ³mez,"siiiiii!!!
aprobada senadora!!!!","siiiiii
aprobada senadora","['siiiiii', 'aprobada', 'senadora']"
80,Ender Fabian,Es tiempo de mujeres y en Chiapas #EsSasil ğŸ™,es tiempo de mujeres y en chiapas essasil ,"['es', 'tiempo', 'de', 'mujeres', 'y', 'en', 'chiapas', 'essasil']"
81,Nahiely Salinas Gonz,excelente senadora! ğŸ¤ŒğŸ» y la ğŸ§€ porte la prÃ³xima Gobernadora de chiapas!!!,excelente senadora  y la  porte la prxima gobernadora de chiapas,"['excelente', 'senadora', 'y', 'la', 'porte', 'la', 'prxima', 'gobernadora', 'de', 'chiapas']"
82,chai_mc,con todo Lic.ğŸ‘,con todo lic,"['con', 'todo', 'lic']"
83,Desiveles,"CÃ³mo les gusta engaÃ±ar a la gente humilde, les hacen creer que son pueblo y cuando llegan al PODER se olvidan del pueblo",cmo les gusta engaar a la gente humilde les hacen creer que son pueblo y cuando llegan al poder se olvidan del pueblo,"['cmo', 'les', 'gusta', 'engaar', 'a', 'la', 'gente', 'humilde', 'les', 'hacen', 'creer', 'que', 'son', 'pueblo', 'y', 'cuando', 'llegan', 'al', 'poder', 'se', 'olvidan', 'del', 'pueblo']"
84,MÃ¡ximo,ğŸ‘ğŸ¾ğŸ‘ğŸ¾,,[]
85,Juggernaut7,ğŸ˜‚ğŸ˜‚ğŸ˜‚ el pri, el pri,"['el', 'pri']"
86,m,Estamos con usted senadorağŸ¤,estamos con usted senadora,"['estamos', 'con', 'usted', 'senadora']"
87,Dannai D'amiano,Los jÃ³venes estamos con usted senadora â¤ï¸,los jvenes estamos con usted senadora ,"['los', 'jvenes', 'estamos', 'con', 'usted', 'senadora']"
88,Key_C,"""Por llegar hasta donde nos proponemos""! ğŸ«¶ Bendiciones senadora! ğŸ‘",por llegar hasta donde nos proponemos  bendiciones senadora ,"['por', 'llegar', 'hasta', 'donde', 'nos', 'proponemos', 'bendiciones', 'senadora']"
89,HectorDioscorides,estoy contigo sadil pero no me gustan las hipocresÃ­as no hagas algo q nunca volverÃ¡s hacer ....,estoy contigo sadil pero no me gustan las hipocresas no hagas algo q nunca volvers hacer ,"['estoy', 'contigo', 'sadil', 'pero', 'no', 'me', 'gustan', 'las', 'hipocresas', 'no', 'hagas', 'algo', 'q', 'nunca', 'volvers', 'hacer']"
90,Armando Zamora,sasil gobernadora,sasil gobernadora,"['sasil', 'gobernadora']"
91,Sayuri GÃ³mez,estamos contigo Sasil de LeÃ³n!!,estamos contigo sasil de len,"['estamos', 'contigo', 'sasil', 'de', 'len']"
92,Sayuri GÃ³mez,"Amar y respetar al pueblo que nos vio nacer, Chiapas!!!",amar y respetar al pueblo que nos vio nacer chiapas,"['amar', 'y', 'respetar', 'al', 'pueblo', 'que', 'nos', 'vio', 'nacer', 'chiapas']"
93,Gayelquenomesiga,Te pareces a Karely Ruiz.,te pareces a karely ruiz,"['te', 'pareces', 'a', 'karely', 'ruiz']"
94,Victor Castillo2555,ğŸ¥°,,[]
95,glezal,por el voto hay quuienes son capaz de todo.ğŸ˜³,por el voto hay quuienes son capaz de todo,"['por', 'el', 'voto', 'hay', 'quuienes', 'son', 'capaz', 'de', 'todo']"
96,Bartolos Rest,estamos con usted #EsSasil,estamos con usted essasil,"['estamos', 'con', 'usted', 'essasil']"
97,Aremi Rubi Arreola Zavaleta,Eso es todo #EsSasil 2024 ğŸ˜˜,eso es todo essasil  ,"['eso', 'es', 'todo', 'essasil']"
98,Vale Gonz297,"yo voy Sasil, ella es la indicada para gobernar Chiapas",yo voy sasil ella es la indicada para gobernar chiapas,"['yo', 'voy', 'sasil', 'ella', 'es', 'la', 'indicada', 'para', 'gobernar', 'chiapas']"
99,_Dulce Pecado_,ğŸ¥°ğŸ¥°ğŸ¥°ğŸ¥°ğŸ¥°ğŸ¥°,,[]
100,Laura De Leon Carden,Nuestra futura gobernadora de Chiapas ğŸ‘ğŸ‘ğŸ‘,nuestra futura gobernadora de chiapas ,"['nuestra', 'futura', 'gobernadora', 'de', 'chiapas']"
101,Laura De Leon Carden,Eso es todo Senadora ğŸ‘ğŸ‘ğŸ‘ğŸ‘ğŸ‘ŒğŸ‘ŒğŸ‘Œ,eso es todo senadora ,"['eso', 'es', 'todo', 'senadora']"
104,Diego Moreno,Que bonitooo rocky,que bonitooo rocky,"['que', 'bonitooo', 'rocky']"
105,La loca de los gatos y perros,ğŸ¥°ğŸ¥°ğŸ¥°,,[]
106,Montse De LeÃ³n,RegÃ¡lamelo,reglamelo,['reglamelo']
107,Montse De LeÃ³n,Lo quierooooooooo,lo quierooooooooo,"['lo', 'quierooooooooo']"
109,Nomada Maya en Cancun,ğŸ¥°,,[]
110,Rodrigo Betancourt,ğŸ‘,,[]
111,Estef.magaÃ±a,#yoVoyConSasil â¤ï¸,yovoyconsasil ,['yovoyconsasil']
112,Enoc Santos Gonzalez,De video de Banda !!!! Hermoso chiapas !!,de video de banda  hermoso chiapas ,"['de', 'video', 'de', 'banda', 'hermoso', 'chiapas']"
113,Enoc Santos Gonzalez,ğŸ‘Œ,,[]
114,francisco sanchez1981,muy guapağŸ¥°ğŸ¥°ğŸ¥°ğŸ¥°ğŸ¥°,muy guapa,"['muy', 'guapa']"
115,luigy396,ESTA SEÃ‘ORA SOLO CUANDO HAY ALGO QUE LE.VA HACER GANAR MAS DINERO ( ELECCIONES ) SE APARECE...,esta seora solo cuando hay algo que leva hacer ganar mas dinero  elecciones  se aparece,"['esta', 'seora', 'solo', 'cuando', 'hay', 'algo', 'que', 'leva', 'hacer', 'ganar', 'mas', 'dinero', 'elecciones', 'se', 'aparece']"
116,joseranulfo18,Excelente dÃ­a,excelente da,"['excelente', 'da']"
117,Alejandra JosaFan,ğŸ˜ğŸ˜ğŸ˜,,[]
118,Montse De LeÃ³n,ğŸ˜ğŸ˜,,[]
119,Diego Moreno,ğŸ‘ğŸ¼ğŸ‘ğŸ¼ğŸ‘ğŸ¼,,[]
120,Gitana,"Porque las mujeres tambiÃ©n tenemos los mismos derechos que los hombres para acceder al uso, manejo y control de los recursos, por eso #EsSasil",porque las mujeres tambin tenemos los mismos derechos que los hombres para acceder al uso manejo y control de los recursos por eso essasil,"['porque', 'las', 'mujeres', 'tambin', 'tenemos', 'los', 'mismos', 'derechos', 'que', 'los', 'hombres', 'para', 'acceder', 'al', 'uso', 'manejo', 'y', 'control', 'de', 'los', 'recursos', 'por', 'eso', 'essasil']"
121,Rene GonzÃ¡lez,PrÃ³xima gobernadora de Chiapas ğŸ‘ŠğŸ»,prxima gobernadora de chiapas ,"['prxima', 'gobernadora', 'de', 'chiapas']"
122,Exaljuan1,Saludos mi senadora,saludos mi senadora,"['saludos', 'mi', 'senadora']"
123,Cristy GSğŸ¦‹,saludos desde Reforma chiapas,saludos desde reforma chiapas,"['saludos', 'desde', 'reforma', 'chiapas']"
124,Cristy GSğŸ¦‹,Tu serÃ¡s la mejor Gobernadora que Chiapas puede tener,tu sers la mejor gobernadora que chiapas puede tener,"['tu', 'sers', 'la', 'mejor', 'gobernadora', 'que', 'chiapas', 'puede', 'tener']"
127,De La Rosa Liz,"La senadora mÃ¡s guapa y es de Chiapas, saludos desde mapastepec",la senadora ms guapa y es de chiapas saludos desde mapastepec,"['la', 'senadora', 'ms', 'guapa', 'y', 'es', 'de', 'chiapas', 'saludos', 'desde', 'mapastepec']"
128,Rodrigo Betancourt,ğŸ‘ğŸ‘ğŸ‘,,[]
130,AndrÃ©s,Lo que deberian hacer es crear oportunidades de trabajo para los jovenes que estudiamos y no recibimos apoyos :(,lo que deberian hacer es crear oportunidades de trabajo para los jovenes que estudiamos y no recibimos apoyos ,"['lo', 'que', 'deberian', 'hacer', 'es', 'crear', 'oportunidades', 'de', 'trabajo', 'para', 'los', 'jovenes', 'que', 'estudiamos', 'y', 'no', 'recibimos', 'apoyos']"
131,josuecruz452,como se llaman las canciones ?,como se llaman las canciones ,"['como', 'se', 'llaman', 'las', 'canciones']"
132,Nahiely Salinas Gonz,una mujer fuerte y digna representante de los chiapanecos! ğŸ˜Œ,una mujer fuerte y digna representante de los chiapanecos ,"['una', 'mujer', 'fuerte', 'y', 'digna', 'representante', 'de', 'los', 'chiapanecos']"
133,empanada877,"Yo quiero trabajar con usted, hice prÃ¡cticas en el senado ğŸ¥º",yo quiero trabajar con usted hice prcticas en el senado ,"['yo', 'quiero', 'trabajar', 'con', 'usted', 'hice', 'prcticas', 'en', 'el', 'senado']"
134,merrik cast,ğŸ¥°ğŸ¥°,,[]
135,Jose Jimenez Toledo,que paso con ciudad mujer???,que paso con ciudad mujer,"['que', 'paso', 'con', 'ciudad', 'mujer']"
136,cardenas,Con pura gente acarreada pues asÃ­ todos llenan y aparte en ese tiempo aÃºn eras del partido verde y ahorita como le conviene seguir robando,con pura gente acarreada pues as todos llenan y aparte en ese tiempo an eras del partido verde y ahorita como le conviene seguir robando,"['con', 'pura', 'gente', 'acarreada', 'pues', 'as', 'todos', 'llenan', 'y', 'aparte', 'en', 'ese', 'tiempo', 'an', 'eras', 'del', 'partido', 'verde', 'y', 'ahorita', 'como', 'le', 'conviene', 'seguir', 'robando']"
137,user192947875,VIVA AMLO ğŸ’ªğŸ’ªğŸ’ª,viva amlo ,"['viva', 'amlo']"
138,user5978113277527,morena ğŸ‡²ğŸ‡½ğŸ’ªğŸ’¯ es un honor estar con obrador ğŸ¥°,morena  es un honor estar con obrador ,"['morena', 'es', 'un', 'honor', 'estar', 'con', 'obrador']"
139,tolucogodinez,Que poca madreâ€¦ que manera de derrochar NUESTROS IMPUESTOS EN ALIMENTAR EL EGO DEL PEOR PRESIDENTE DE MEXICOğŸ¤¬ğŸ¤¬ğŸ¤®ğŸ¤®ğŸ€ğŸ€,que poca madre que manera de derrochar nuestros impuestos en alimentar el ego del peor presidente de mexico,"['que', 'poca', 'madre', 'que', 'manera', 'de', 'derrochar', 'nuestros', 'impuestos', 'en', 'alimentar', 'el', 'ego', 'del', 'peor', 'presidente', 'de', 'mexico']"
140,luigy396,"LA NUCU LE DICEN! SALE CADA QUE HAY PROXIMAS ELECCIONES A ENGAÃ‘AR BOBOS,NI UN VOTO A ESTA SEÃ‘ORA!!!",la nucu le dicen sale cada que hay proximas elecciones a engaar bobosni un voto a esta seora,"['la', 'nucu', 'le', 'dicen', 'sale', 'cada', 'que', 'hay', 'proximas', 'elecciones', 'a', 'engaar', 'bobosni', 'un', 'voto', 'a', 'esta', 'seora']"
141,GaGuji@@,que mal que al pasar al municipio de Escuintla chiapas antipÃ¡tica para hablar y eso de Serca de la presidencia,que mal que al pasar al municipio de escuintla chiapas antiptica para hablar y eso de serca de la presidencia,"['que', 'mal', 'que', 'al', 'pasar', 'al', 'municipio', 'de', 'escuintla', 'chiapas', 'antiptica', 'para', 'hablar', 'y', 'eso', 'de', 'serca', 'de', 'la', 'presidencia']"
142,Gitana,"Chiapas es hermoso, gracias Senadora por dar a conocer las riquezas de nuestro Estado. ğŸ’–ğŸŒ¹",chiapas es hermoso gracias senadora por dar a conocer las riquezas de nuestro estado ,"['chiapas', 'es', 'hermoso', 'gracias', 'senadora', 'por', 'dar', 'a', 'conocer', 'las', 'riquezas', 'de', 'nuestro', 'estado']"
143,cardenas,Pura falsedad de esta sra nunca ha hecho nada por su estado y ahorita anda de falsa,pura falsedad de esta sra nunca ha hecho nada por su estado y ahorita anda de falsa,"['pura', 'falsedad', 'de', 'esta', 'sra', 'nunca', 'ha', 'hecho', 'nada', 'por', 'su', 'estado', 'y', 'ahorita', 'anda', 'de', 'falsa']"
144,Yaneth29,Vividora,vividora,['vividora']
145,Alex Valencia,nadie pero nadie en su sano juicio le darÃ­a un voto a esta persona oportunista y falsa!!,nadie pero nadie en su sano juicio le dara un voto a esta persona oportunista y falsa,"['nadie', 'pero', 'nadie', 'en', 'su', 'sano', 'juicio', 'le', 'dara', 'un', 'voto', 'a', 'esta', 'persona', 'oportunista', 'y', 'falsa']"
146,jazmin,Saludos Senadora.,saludos senadora,"['saludos', 'senadora']"
147,ulisesanleu,Ya es tiempo de elecciÃ³n ya la volvemos a ver lic,ya es tiempo de eleccin ya la volvemos a ver lic,"['ya', 'es', 'tiempo', 'de', 'eleccin', 'ya', 'la', 'volvemos', 'a', 'ver', 'lic']"
148,Isaak Ehrmantraut Zambrano,"Es tiempo de elecciones, la temporada perfecta para demostrar la humildad de los polÃ­ticos ğŸ‘ŒğŸ»ğŸ˜›",es tiempo de elecciones la temporada perfecta para demostrar la humildad de los polticos ,"['es', 'tiempo', 'de', 'elecciones', 'la', 'temporada', 'perfecta', 'para', 'demostrar', 'la', 'humildad', 'de', 'los', 'polticos']"
149,xd,los mismos polÃ­ticos ..que solo vuelven a Chiapas en elecciones..,los mismos polticos que solo vuelven a chiapas en elecciones,"['los', 'mismos', 'polticos', 'que', 'solo', 'vuelven', 'a', 'chiapas', 'en', 'elecciones']"
150,antoniobarreto9814,"Una pregunta,
Que propuestas presento usted durante el periodo legislativo que fueran a favor de Chiapas ?
o solo se estÃ¡ colgando de AMLO","una pregunta
que propuestas presento usted durante el periodo legislativo que fueran a favor de chiapas 
o solo se est colgando de amlo","['una', 'pregunta', 'que', 'propuestas', 'presento', 'usted', 'durante', 'el', 'periodo', 'legislativo', 'que', 'fueran', 'a', 'favor', 'de', 'chiapas', 'o', 'solo', 'se', 'est', 'colgando', 'de', 'amlo']"
151,Luis Carlos,OjalÃ¡ no gane,ojal no gane,"['ojal', 'no', 'gane']"
152,.,despuÃ©s no las va a conocer ğŸ¤£ğŸ¤£ todo mundo es asÃ­ en el poder se olvidan del pobre ğŸ¤£ğŸ¤£ğŸ¤£,despus no las va a conocer  todo mundo es as en el poder se olvidan del pobre ,"['despus', 'no', 'las', 'va', 'a', 'conocer', 'todo', 'mundo', 'es', 'as', 'en', 'el', 'poder', 'se', 'olvidan', 'del', 'pobre']"
153,ğ”¹ğ”¸ğ•ƒâ„‚ğ”¸â„¤ğ”¸â„,declaro inagurada la temporada de los polÃ­ticos re humildes XDDDDDDD,declaro inagurada la temporada de los polticos re humildes xddddddd,"['declaro', 'inagurada', 'la', 'temporada', 'de', 'los', 'polticos', 're', 'humildes', 'xddddddd']"
154,cardenas,Jajajaja ahorita se toma fotos porque estÃ¡n en campaÃ±a luego ni conocen ojalÃ¡ y no gane porque no ha hecho nada por chiapas,jajajaja ahorita se toma fotos porque estn en campaa luego ni conocen ojal y no gane porque no ha hecho nada por chiapas,"['jajajaja', 'ahorita', 'se', 'toma', 'fotos', 'porque', 'estn', 'en', 'campaa', 'luego', 'ni', 'conocen', 'ojal', 'y', 'no', 'gane', 'porque', 'no', 'ha', 'hecho', 'nada', 'por', 'chiapas']"
155,PAOLA RUIZ. PR love tambiÃ©n ğŸ’•,"hasta que se acuerda de su pueblo,solo xq quiere otro hueso. digo ya tuve un cargo y no hizo nada por chiapas . pÃ³ngase a trabajar con lo que se qdo $",hasta que se acuerda de su pueblosolo xq quiere otro hueso digo ya tuve un cargo y no hizo nada por chiapas  pngase a trabajar con lo que se qdo ,"['hasta', 'que', 'se', 'acuerda', 'de', 'su', 'pueblosolo', 'xq', 'quiere', 'otro', 'hueso', 'digo', 'ya', 'tuve', 'un', 'cargo', 'y', 'no', 'hizo', 'nada', 'por', 'chiapas', 'pngase', 'a', 'trabajar', 'con', 'lo', 'que', 'se', 'qdo']"
156,Luis Alberto  Pablo Diaz,"Ya vienen las elecciones y se aparecen, hipÃ³critas.",ya vienen las elecciones y se aparecen hipcritas,"['ya', 'vienen', 'las', 'elecciones', 'y', 'se', 'aparecen', 'hipcritas']"
157,Anitha!!,ya deja de gastar nuestro dinero,ya deja de gastar nuestro dinero,"['ya', 'deja', 'de', 'gastar', 'nuestro', 'dinero']"
158,user4043407119975,RidÃ­cula,ridcula,['ridcula']
159,Eli Gamboa,ğŸ¥°ğŸ¥°ğŸ¥°ğŸ¥°ğŸ¥°,,[]
160,TanguyMoo,Ridicula corrupta no serÃ¡s gobernadoraâ€¦,ridicula corrupta no sers gobernadora,"['ridicula', 'corrupta', 'no', 'sers', 'gobernadora']"
161,EfraÃ­n Serrano,ğŸ˜‚ğŸ˜‚ğŸ˜‚ğŸ˜‚,,[]
162,Milena Lopez Calzada,Ya se estÃ¡n disfrazando de humildes.,ya se estn disfrazando de humildes,"['ya', 'se', 'estn', 'disfrazando', 'de', 'humildes']"
163,COELLO PAULO,â¤ï¸ğŸ¥°ğŸ˜,,[]
164,UlisesL,No diga mamadas ğŸ¥´,no diga mamadas ,"['no', 'diga', 'mamadas']"
165,robertosaraoz,VergÃ¼enza no tienen estos politiqueros!,vergenza no tienen estos politiqueros,"['vergenza', 'no', 'tienen', 'estos', 'politiqueros']"
166,Herrera Ignacho,"Que delicia, cuando pase por Chiapa de corzo me invita una mojarra frita, la acepto.. ğŸ˜œ",que delicia cuando pase por chiapa de corzo me invita una mojarra frita la acepto ,"['que', 'delicia', 'cuando', 'pase', 'por', 'chiapa', 'de', 'corzo', 'me', 'invita', 'una', 'mojarra', 'frita', 'la', 'acepto']"
167,luigy396,"ESTA.TIPA COMO MUCHOS DE SU TIPO,CONSIDERAN O SIGUEN CONSIDERANDO AL CHIAPANECO COMO UN IGNORANTE.POLITICO AL QUE SE LE PUEDE MANEJAR...",estatipa como muchos de su tipoconsideran o siguen considerando al chiapaneco como un ignorantepolitico al que se le puede manejar,"['estatipa', 'como', 'muchos', 'de', 'su', 'tipoconsideran', 'o', 'siguen', 'considerando', 'al', 'chiapaneco', 'como', 'un', 'ignorantepolitico', 'al', 'que', 'se', 'le', 'puede', 'manejar']"
168,luigy396,NO LE.DEN EL.VOTO A ESTA TREPADORA DE.LA POLITICA,no leden elvoto a esta trepadora dela politica,"['no', 'leden', 'elvoto', 'a', 'esta', 'trepadora', 'dela', 'politica']"
169,user4043407119975,Esta mujer parece como el nucu por temporada sale nadamas,esta mujer parece como el nucu por temporada sale nadamas,"['esta', 'mujer', 'parece', 'como', 'el', 'nucu', 'por', 'temporada', 'sale', 'nadamas']"
170,javiermontufarand,Ya por que es campaÃ±a ya aparece en las calles por q durante todooooooooooooooo el aÃ±o ni sus luces!,ya por que es campaa ya aparece en las calles por q durante todooooooooooooooo el ao ni sus luces,"['ya', 'por', 'que', 'es', 'campaa', 'ya', 'aparece', 'en', 'las', 'calles', 'por', 'q', 'durante', 'todooooooooooooooo', 'el', 'ao', 'ni', 'sus', 'luces']"
171,Jesus Jesus,tengo hambre invite,tengo hambre invite,"['tengo', 'hambre', 'invite']"
172,Iyac Guillen,Jajaja cuanta falsedad e hipocresÃ­a.,jajaja cuanta falsedad e hipocresa,"['jajaja', 'cuanta', 'falsedad', 'e', 'hipocresa']"
173,emily,"recuerdas cuando eras del Verde? eres un vergÃ¼enza de mujer,te acostumbraste a vivir de rÃ©mora.tu no representas a las mujeres de Chiapas,que poca!",recuerdas cuando eras del verde eres un vergenza de mujerte acostumbraste a vivir de rmoratu no representas a las mujeres de chiapasque poca,"['recuerdas', 'cuando', 'eras', 'del', 'verde', 'eres', 'un', 'vergenza', 'de', 'mujerte', 'acostumbraste', 'a', 'vivir', 'de', 'rmoratu', 'no', 'representas', 'a', 'las', 'mujeres', 'de', 'chiapasque', 'poca']"
174,COELLO PAULO,ğŸ˜‚ğŸ¤£,,[]
175,luigy396,AYY!! SI MIRA!! ORITA ES QUE SALEN A DARSE BAÃ‘OS DE PUEBLO NO MAMEN!!,ayy si mira orita es que salen a darse baos de pueblo no mamen,"['ayy', 'si', 'mira', 'orita', 'es', 'que', 'salen', 'a', 'darse', 'baos', 'de', 'pueblo', 'no', 'mamen']"
176,jazmin,ğŸ¥°,,[]
177,Victor Castillo2555,ğŸ¥°,,[]
178,Montse De LeÃ³n,ğŸ¥°ğŸ¥°,,[]
179,Martin Martinez Arev,"solo la conozco por su propaganda espectacular con AMLO, no es buena seÃ±al colgarse de la imagen de AMLO y menos pagando esos espectaculares",solo la conozco por su propaganda espectacular con amlo no es buena seal colgarse de la imagen de amlo y menos pagando esos espectaculares,"['solo', 'la', 'conozco', 'por', 'su', 'propaganda', 'espectacular', 'con', 'amlo', 'no', 'es', 'buena', 'seal', 'colgarse', 'de', 'la', 'imagen', 'de', 'amlo', 'y', 'menos', 'pagando', 'esos', 'espectaculares']"
180,martinfelicianoh,"me gustarÃ­a conocer en su trayectoria polÃ­tica los logros que ha tenido en nuestro Estado, para ver a quÃ© le tiro con mi prÃ³ximo voto.",me gustara conocer en su trayectoria poltica los logros que ha tenido en nuestro estado para ver a qu le tiro con mi prximo voto,"['me', 'gustara', 'conocer', 'en', 'su', 'trayectoria', 'poltica', 'los', 'logros', 'que', 'ha', 'tenido', 'en', 'nuestro', 'estado', 'para', 'ver', 'a', 'qu', 'le', 'tiro', 'con', 'mi', 'prximo', 'voto']"
181,Virgilio Hernandez M,ğŸ˜‚ğŸ˜‚ğŸ˜‚ğŸ˜‚ğŸ˜‚,,[]
182,Valc,Su momento mÃ¡s humilde,su momento ms humilde,"['su', 'momento', 'ms', 'humilde']"
183,elbetovelasco,"mÃ¡s de lo mismo. ya no queremos otro gÃ¼ero Velasco o inepto de Rutilio.
trae la misma vieja escuela.","ms de lo mismo ya no queremos otro gero velasco o inepto de rutilio
trae la misma vieja escuela","['ms', 'de', 'lo', 'mismo', 'ya', 'no', 'queremos', 'otro', 'gero', 'velasco', 'o', 'inepto', 'de', 'rutilio', 'trae', 'la', 'misma', 'vieja', 'escuela']"
184,Ag Roxs,ahorita micho amor a los indÃ­genas y despuÃ©s se olvidan del pueblo,ahorita micho amor a los indgenas y despus se olvidan del pueblo,"['ahorita', 'micho', 'amor', 'a', 'los', 'indgenas', 'y', 'despus', 'se', 'olvidan', 'del', 'pueblo']"
185,user4043407119975,"Ya volviÃ³ esta mujer, sin hacer nada para el pueblo, pero bien que factura",ya volvi esta mujer sin hacer nada para el pueblo pero bien que factura,"['ya', 'volvi', 'esta', 'mujer', 'sin', 'hacer', 'nada', 'para', 'el', 'pueblo', 'pero', 'bien', 'que', 'factura']"
186,Frankenstein,saludos amiguita bendiciones,saludos amiguita bendiciones,"['saludos', 'amiguita', 'bendiciones']"
187,rexx713,tiempo de baÃ±os de puebloğŸ˜‰,tiempo de baos de pueblo,"['tiempo', 'de', 'baos', 'de', 'pueblo']"
188,Daviid ANtoniio Cham,"Viene de la linia del guero, pura corrupcion",viene de la linia del guero pura corrupcion,"['viene', 'de', 'la', 'linia', 'del', 'guero', 'pura', 'corrupcion']"
189,luigy396,OORAA RESULTAAA!!!!,ooraa resultaaa,"['ooraa', 'resultaaa']"
190,Joseluis Garcia Trujillo,ğŸ˜‚,,[]
191,luigy396,NI UN VOTO A ESTA SEÃ‘ORA OPORTUNISTA CLASISTA BUENA PARA NADA!!,ni un voto a esta seora oportunista clasista buena para nada,"['ni', 'un', 'voto', 'a', 'esta', 'seora', 'oportunista', 'clasista', 'buena', 'para', 'nada']"
192,luigy396,"ESTA SEÃ‘ORA LUCE EN CHIAPAS POR SU AUSCENCIA,DEVERAS CREN AMIGOS CHIAPANECOS EN ESTA TIPA?? AHI SE LOS DEJAMOS DE TAREA..",esta seora luce en chiapas por su auscenciadeveras cren amigos chiapanecos en esta tipa ahi se los dejamos de tarea,"['esta', 'seora', 'luce', 'en', 'chiapas', 'por', 'su', 'auscenciadeveras', 'cren', 'amigos', 'chiapanecos', 'en', 'esta', 'tipa', 'ahi', 'se', 'los', 'dejamos', 'de', 'tarea']"
193,brenic07,ğŸ˜‚ğŸ˜‚ğŸ˜‚,,[]
194,Dani Garrido652,Que Humildad ğŸ¥° jajaja ğŸ˜,que humildad  jajaja ,"['que', 'humildad', 'jajaja']"
195,Alejandro A. Madrid,ğŸ¥°,,[]
197,Alejandro A. Madrid,ğŸ¥°,,[]
198,Minerva Vargaz,Te quedo hermoso!!!!!,te quedo hermoso,"['te', 'quedo', 'hermoso']"
199,vilchiwtpxo,amo a mi presidente LÃ³pez Obrador ğŸ¥°ğŸ¥°ğŸ¥°ğŸ¥°ğŸ¥°ğŸ¥°ğŸ¥°ğŸ¥°,amo a mi presidente lpez obrador ,"['amo', 'a', 'mi', 'presidente', 'lpez', 'obrador']"
200,PjMjMRNA,@PjMjMRNA:VIVA LA 4T,pjmjmrnaviva la t,"['pjmjmrnaviva', 'la', 't']"
201,abuelajaja,ğŸ¥°,,[]
202,Meli,Gracias a todos los que asistimos ğŸ¥°ğŸ¥°ğŸ¥°,gracias a todos los que asistimos ,"['gracias', 'a', 'todos', 'los', 'que', 'asistimos']"
203,truki,ğŸ¥°,,[]
204,Lulu Veri,VIVA AMLO VIVA MEXICO,viva amlo viva mexico,"['viva', 'amlo', 'viva', 'mexico']"
205,Ricardo Navarrete,#VIVA AMLO,viva amlo,"['viva', 'amlo']"
207,mikisaro,Lic cheque su poema,lic cheque su poema,"['lic', 'cheque', 'su', 'poema']"
208,jazmin,#EsSasil,essasil,['essasil']
209,laikasc2,pero porque quitaste el mural de niÃ±os para poner su propaganda si era cultura ğŸ˜¡ğŸ˜¡ğŸ˜¡ğŸ˜¡ğŸ˜¡,pero porque quitaste el mural de nios para poner su propaganda si era cultura ,"['pero', 'porque', 'quitaste', 'el', 'mural', 'de', 'nios', 'para', 'poner', 'su', 'propaganda', 'si', 'era', 'cultura']"
210,Minerva Vargaz,Soy Chiapaneca de CorazÃ³n â™¥ï¸,soy chiapaneca de corazn ,"['soy', 'chiapaneca', 'de', 'corazn']"
211,user1302498610863,soy orgullosa de ser chiapaneca,soy orgullosa de ser chiapaneca,"['soy', 'orgullosa', 'de', 'ser', 'chiapaneca']"
212,Fany De Leon,El mejor estado,el mejor estado,"['el', 'mejor', 'estado']"
213,lizhasy,Chiapas es bello en todo !! Soy chiapaneca de corazÃ³n â™¥ï¸,chiapas es bello en todo  soy chiapaneca de corazn ,"['chiapas', 'es', 'bello', 'en', 'todo', 'soy', 'chiapaneca', 'de', 'corazn']"
214,Nahiely Salinas Gonz,"El estado mas hermoso! rico en fiestas, tradiciones, cultura y sobre todo nuestro extensa gastronomÃ­a!!! ğŸ«•",el estado mas hermoso rico en fiestas tradiciones cultura y sobre todo nuestro extensa gastronoma ,"['el', 'estado', 'mas', 'hermoso', 'rico', 'en', 'fiestas', 'tradiciones', 'cultura', 'y', 'sobre', 'todo', 'nuestro', 'extensa', 'gastronoma']"
215,Fany De Leon,ğŸ«¶ğŸ½ğŸ«¶ğŸ½ğŸ«¶ğŸ½ğŸ«¶ğŸ½,,[]
217,ğŸ™€ğŸ™€,hermosa,hermosa,['hermosa']
218,jessicabautista9411,"muy rico mole senadora , saludos desde San CristÃ³bal de las casas !!!",muy rico mole senadora  saludos desde san cristbal de las casas ,"['muy', 'rico', 'mole', 'senadora', 'saludos', 'desde', 'san', 'cristbal', 'de', 'las', 'casas']"
219,Iturbes,ğŸ˜ğŸ˜,,[]
220,ğŸ™€ğŸ™€,salud desde Chiapas,salud desde chiapas,"['salud', 'desde', 'chiapas']"
221,jessicabautista9411,saludos desde San CristÃ³bal de las casas Chiapas!!!!,saludos desde san cristbal de las casas chiapas,"['saludos', 'desde', 'san', 'cristbal', 'de', 'las', 'casas', 'chiapas']"
222,lec,Que hermosağŸ¥° !!! Ya estoy lista para ir por mis ingredientes y disfrutar de la deliciosa receta ğŸ˜‹,que hermosa  ya estoy lista para ir por mis ingredientes y disfrutar de la deliciosa receta ,"['que', 'hermosa', 'ya', 'estoy', 'lista', 'para', 'ir', 'por', 'mis', 'ingredientes', 'y', 'disfrutar', 'de', 'la', 'deliciosa', 'receta']"
223,Alejandro A. Madrid,ğŸ¥°,,[]
224,mikisaro,lic sasil le tengo un poema espero pueda llegarle a sus manos solo digame a que correo se lo puedo hacer llegar,lic sasil le tengo un poema espero pueda llegarle a sus manos solo digame a que correo se lo puedo hacer llegar,"['lic', 'sasil', 'le', 'tengo', 'un', 'poema', 'espero', 'pueda', 'llegarle', 'a', 'sus', 'manos', 'solo', 'digame', 'a', 'que', 'correo', 'se', 'lo', 'puedo', 'hacer', 'llegar']"
225,yuli,"se mira deliciosos
saludos mi senadora desde Tuxtla GutiÃ©rrez chiapas","se mira deliciosos
saludos mi senadora desde tuxtla gutirrez chiapas","['se', 'mira', 'deliciosos', 'saludos', 'mi', 'senadora', 'desde', 'tuxtla', 'gutirrez', 'chiapas']"
226,Sayuri GÃ³mez,saludos desde Tapachula Chiapas!!,saludos desde tapachula chiapas,"['saludos', 'desde', 'tapachula', 'chiapas']"
227,user1828629274761,Saludos desde Mezcalapa Chiapas!!!,saludos desde mezcalapa chiapas,"['saludos', 'desde', 'mezcalapa', 'chiapas']"
228,user1828629274761,ğŸ¥°,,[]
229,Nahiely Salinas Gonz,senadora! que gusto verla en esta plataforma!!! ğŸ¥°ğŸ¥°ğŸ¥°,senadora que gusto verla en esta plataforma ,"['senadora', 'que', 'gusto', 'verla', 'en', 'esta', 'plataforma']"
