texto,comentarios,repost,likes,views,texto_ingles,emocion
"Me siento profundamente orgulloso de ser parte de un movimiento político que promueve la honestidad, porque soy un hombre honesto que trabaja incansablemente por el bienestar de la gente. Gracias por su confianza y su apoyo para poder defender el proyecto de la  #CuartaTransformación en Jalisco.   ",7,8.0,25.0,548.0,"I feel deeply proud to be part of a political movement that promotes honesty, because I am an honest man who works tirelessly for the well -being of people. Thank you for your trust and support to be able to defend the #Cuartatransformation project in Jalisco.",admiration
"Mi compromiso es estar cerca de ustedes. Cada foto representa una historia, un momento compartido. Cada apretón de manos, cada sonrisa, es una razón más que me impulsa a seguir en este camino. Esto lo logramos juntas y juntos.",2,3.0,21.0,375.0,"My commitment is to be close to you. Each photo represents a story, a shared moment. Each handshake, every smile, is one more reason that drives me to continue on this path. We achieved this together and together.",joy
"Me considero un líder capaz, comprometido y valiente. Alguien que conoce de cerca los desafíos que enfrentamos. Alguien que no retrocede ante las dificultades, por el contrario, las encaro con determinación, porque el cariño de ustedes son el motor que me impulsa a seguir adelante. ¡La unión hace la fuerza!",4,31.0,20.0,378.0,"I consider myself a capable, committed and brave leader. Someone who knows closely the challenges we face. Someone who does not go back to the difficulties, on the contrary, I take them with determination, because your love is the engine that drives me to move on. Union make force!",admiration
"Agradezco infinitamente el apoyo de quienes como yo, anhelan que la 4T llegue a Jalisco. ¡Vamos juntas y juntos en este sueño!",20,18.0,68.0,1000.0,"I infinitely appreciate the support of those who like me, yearn to get the 4T to Jalisco. Let's go together and together in this dream!",admiration
"Han sido casi 20 años de lucha, esfuerzo y dedicación. Somos tercos, y para lograr una verdadera transformación, se requiere carácter y valentía. Es un honor estar con ustedes y recibir tanto cariño. ¡Esto lo hacemos juntos!",17,13.0,67.0,2000.0,"There have been almost 20 years of struggle, effort and dedication. We are third, and to achieve a true transformation, character and courage is required. It is an honor to be with you and receive so much love. We do this together!",joy
Mi único camino es la honestidad y el amor por nuestra gente.,84,33.0,113.0,6000.0,My only way is honesty and love for our people.,approval
Muchas felicidades al Doc en su día.. Médico de cuerpos y almas,9,13.0,50.0,1000.0,Congratulations to the DOC in his day .. Medical of bodies and souls,gratitude
"Para quienes tenemos esta vocación y dedicamos nuestra vida a esta hermosa profesión, sabemos que ser médico va más allá de tener un título; es un compromiso, una promesa de cuidar la salud y el bienestar de las personas. En este Día del Médico, celebremos la valentía, el compromiso y los valores humanos que cada médico aporta a la sociedad. A todos mis colegas, ¡feliz día!",15,11.0,74.0,3000.0,"For those of us who have this vocation and dedicate our life to this beautiful profession, we know that being a doctor goes beyond having a title; It is a commitment, a promise to take care of people's health and well -being. On this doctor's day, let's celebrate the courage, commitment and human values ​​that each doctor brings to society. To all my colleagues, happy day!",admiration
"¡Nada más jalisciense que una buena birria de La Barca!  Panza llena, corazón contento para seguir recorriendo nuestro estado.",5,4.0,38.0,777.0,"Nothing more Jalisco than a good birria of the boat! Full belly, happy heart to continue touring our state.",joy
Llevo 20 años caminando los senderos de Jalisco y cada día estoy más orgulloso de ser de aquí.,37,17.0,80.0,3000.0,I have been walking the paths of Jalisco for 20 years and every day I am more proud to be from here.,pride
Resolvamos esto de una vez por todas. ¿Cuáles son las mejores tortas ahogadas de Guadalajara?,10,41.0,45.0,1000.0,Let's solve this once and for all. What are the best drowned cakes in Guadalajara?,curiosity
"Una felicitación muy especial para mi amiga y compañera de lucha, @katiacastillol por motivo de su cumpleaños. Deseo que te encuentres viviendo un gran día, rodeada de las personas que quieres y que te quieren. ¡Feliz cumpleaños, presidenta!",1,3.0,44.0,561.0,"A very special congratulation for my friend and fighting partner, @katiacstillol because of her birthday. I want you to find yourself living a great day, surrounded by the people you want and who love you. Happy birthday, president!",joy
"Profundamente agradecido con el cariño y apoyo que me han brindado hoy en Tlaquepaque, para poder lograr ser el Coordinador de los Comités de la Defensa de la 4T en Jalisco.  ¡Amor con amor se paga!",33,16.0,74.0,1000.0,"Deeply grateful to the love and support they have given me today in Tlaquepaque, in order to be able to be the coordinator of the 4T Defense Committees in Jalisco. Love with love is paid!",gratitude
Las mujeres de México ya han roto el techo de cristal. Quienes militamos en este movimiento seguiremos apoyando su derecho a alcanzar sus aspiraciones y sueños.,2,29.0,54.0,419.0,The women of Mexico have already broken the glass roof. Those of us who militate in this movement will continue to support their right to achieve their aspirations and dreams.,approval
"Estuve en cabina con @Ramiro_Escoto en  @lider919, conversamos de mis inicios en @PartidoMorenaMx y de cómo siempre hemos estado del lado de la transformación, acompañando y luchando por nuestro movimiento. ¡Gracias por la invitación!",4,7.0,53.0,934.0,"I was in the cabin with @ramiro_escoto at @leader919, we talked about my beginnings in @partidomorenamx and how we have always been on the side of the transformation, accompanying and fighting for our movement. Thanks for the invitation!",gratitude
"Para ganarse el respeto y la confianza de las personas, hay que trabajar con honestidad e integridad. Agradezco profundamente a todos los que me acompañan en esta ardua labor. ¡Les deseo un excelente inicio de semana a todas y todos!",2,31.0,51.0,481.0,"To earn people's respect and trust, we must work with honesty and integrity. I deeply thank all those who accompany me in this arduous work. I wish you all of the week to all of the week!",gratitude
"En Tepa y todos los Altos hay gente trabajadora, buena y dedicada, que con o sin apoyo, han sabido construir una de las regiones más fértiles y productivas de México y de toda América.  ¡Gracias por recibirme este domingo!",3,5.0,56.0,1000.0,"In Tepa and all the highs there are working, good and dedicated people, who with or without support, have managed to build one of the most fertile and productive regions of Mexico and all of America. Thanks for receiving me this Sunday!",admiration
Conocer de cerca a la gente y sus historias me motiva y me llena de vida. Es un privilegio estar y compartir con ustedes. Gracias por inspirarme todos los días.,6,8.0,57.0,1000.0,Knowing people closely and their stories motivates me and fills me with life. It is a privilege to be and share with you. Thanks for inspiring me every day.,gratitude
"En el oriente de Guadalajara y en todo Jalisco, ¡ya se respira fuerte la 4T! Queremos paz y tranquilidad, desarrollo y bienestar, y juntos podemos lograrlo. Gracias a los simpatizantes de mi partido por invitarme a conversar con ellos esta tarde. ¡Somos invencibles cuando estamos juntos!",11,20.0,71.0,2000.0,"In the East of Guadalajara and in all Jalisco, the 4T is already breathing strong! We want peace and tranquility, development and well -being, and together we can achieve it. Thanks to the supporters of my game for inviting me to talk with them this afternoon. We are invincible when we are together!",gratitude
"Si ustedes están conmigo, ¿quién puede contra nosotros juntos?",4,6.0,39.0,787.0,"If you are with me, who can against us together?",curiosity
"Unidos por la transformación, comprometidos con la 4T. En Jalisco, la unidad se fundamenta en los principios de @PartidoMorenaMx, la organización, la movilización y la suma de todas las voluntades. Con nuestras causas y #morena por encima de todo, somos invencibles en Jalisco. Creemos en un México y un Jalisco más justo y equitativo.",6,10.0,56.0,1000.0,"United for the transformation, committed to the 4T. In Jalisco, the unit is based on the principles of @partidomorenamx, the organization, mobilization and sum of all wills. With our causes and #Morena above all, we are invincible in Jalisco. We believe in a more fair and equitable Mexico and Jalisco.",approval
Ya estamos llegando a conocer los resultados de la encuesta de reconocimiento de las y los aspirantes a la Coordinación de los Comités de Defensa de la 4T en Jalisco.,19,21.0,91.0,2000.0,We are already getting to know the results of the recognition survey of the candidates for the coordination of the 4T Defense Committees in Jalisco.,curiosity
Gracias a quienes confían en mí: seguiré trabajando para estar a la altura de sus esperanzas. ¡Juntas y juntos somos imparables!,12,19.0,74.0,1000.0,Thanks to those who trust me: I will continue working to live up to their hopes. Together and together we are unstoppable!,gratitude
"Quien cumple su palabra, no tiene miedo del pasado, ni del futuro.",13,6.0,42.0,1000.0,"Who fulfills his word, is not afraid of the past, or the future.",optimism
Quiero tomar un momento para agradecerles de corazón por sus palabras y comentarios tan alentadores. ¡Ustedes son mi motor y fuente de inspiración!,2,3.0,37.0,633.0,I want to take a moment to thank you for your heart for your words and comments so encouraging. You are my engine and source of inspiration!,admiration
"Uno de los temas a tratar en nuestra #mañaneraGDL, es la denuncia de cómo el @GuadalajaraGob ha gastado millones de pesos en cenas y banquetes para que el alcalde conviva y celebre con sus amigos vip.  Licitación LPL 028/2023 otorgada por el Comité de Adquisiciones a la empresa Operadora Estratégica Verdi, S.A. de C.V., por poco más de 1 millón de pesos.",8,10.0,51.0,1000.0,"One of the topics to be addressed in our #Mañaneragdl, is the complaint of how the @guadalajaragob has spent millions of pesos on dinners and banquets for the mayor to live and celebrate with his VIP friends. LPL 028/2023 GUIDE GRANTED BY THE ACQUISITIONS COMMITTEE TO THE OPERATORA ESCERCICA VERDI, S.A. of C.V., for just over 1 million pesos.",neutral
"Mujer, vida, libertad: este fue el grito que envió a la cárcel a Narges Mohammadi, activista iraní que ha sido galardonada hoy con el Premio Nobel de la Paz.
Ella y muchas otras mujeres, víctimas de una sistemática violencia y de la indiferencia de su gobierno ante sus clamores,  alzaron la voz para reclamar su derecho a la dignidad y a una vida libre de violencias. Esta es, también, mi lucha y la de millones de personas en Jalisco.

Que este premio sirva de inspiración para todas y todos para terminar, de una vez por todas, con la violencia de género que les roba la libertad y la vida a las mujeres del mundo. ¡Nunca más!",1,5.0,36.0,1000.0,"Woman, life, freedom: This was the cry that sent Narges Mohammadi, an Iranian activist who has been awarded today with the Nobel Peace Prize to jail.
She and many other women, victims of a systematic violence and indifference of their government before their clamor, raised their voice to claim their right to dignity and a life free of violence. This is also my fight and that of millions of people in Jalisco.

That this award serves as an inspiration for all and all to end, once and for all, with gender violence that steals their freedom and life for women in the world. Never more!",sadness
"Llevo toda mi vida sirviendo a mi comunidad, y hoy, en el Distrito 4 de Zapopan, recordé mis primeras visitas de trabajo social hace casi dos décadas, de la mano de jóvenes que hoy son líderes.  Todavía hay muchas carencias, pero vamos a luchar, con la conciencia y el corazón, para transformar a Jalisco y traer el bienestar a todas las familias.",19,17.0,85.0,4000.0,"I have been serving my community all my life, and today, in District 4 of Zapopan, I remembered my first social work visits almost two decades, by the hand of young people who are leaders today. There are still many shortcomings, but we are going to fight, with consciousness and heart, to transform Jalisco and bring well -being to all families.",realization
"Las mujeres de Jalisco merecen vivir libres, plenas y con dignidad. Hagamos de este sueño una realidad.",1,33.0,60.0,423.0,"Jalisco's women deserve to live free, full and dignity. Let's make this dream a reality.",approval
"El día de hoy tengo el honor de compartir un diálogo con militantes y simpatizantes de Morena en Teuchitlán. En esta reunión, les hablo sobre mi compromiso con la Cuarta Transformación y por qué motivo aspiro a coordinar los Comités de Defensa de la  #4T en Jalisco.  Llevo casi 20 años comprometido en esta lucha por un México mejor, y ahora, más que nunca, aspiro a que esta transformación llegue a nuestro estado en buenas manos.  Juntos, seremos el motor de la esperanza y la transformación para Jalisco.",14,16.0,65.0,2000.0,"Today I have the honor of sharing a dialogue with MORENA militants and supporters in Teuchitlán. At this meeting, I talk about my commitment to the fourth transformation and why I aspire to coordinate the #4T Defense Committees in Jalisco. I have been committed to this fight for a better Mexico for almost 20 years, and now, more than ever, I aspire that this transformation reaches our state in good hands. Together, we will be the engine of hope and transformation for Jalisco.",pride
"Con perseverancia, compromiso y mucho trabajo, los sueños se cumplen.",4,5.0,44.0,819.0,"With perseverance, commitment and a lot of work, dreams are fulfilled.",approval
"Hoy conmemoramos el 2 de octubre, un día que no se olvida, y en 2011, se fundó  
@PartidoMorenaMx
 como asociación civil. Un paso crucial en nuestro camino hacia la democracia y la justicia de Mexico y de nuestro estado . 

En 2018, logramos un cambio. Hoy, tenemos un Presidente que ama al pueblo de México.",3,5.0,42.0,1000.0,"Today we commemorate October 2, one day that is not forgotten, and in 2011, it was founded
@Partidomorenamx
 as a civil association. A crucial step in our way to democracy and justice of Mexico and our State.

In 2018, we achieved a change. Today, we have a president who loves the people of Mexico.",joy
"El inversor y empresario Warren Buffett acuñó  la frase: ""La honestidad es un regalo costoso,  no lo esperes de personas baratas"". Y sin duda,  en la vida, la integridad es la base de una  sociedad fuerte y próspera. ¡Tengan un buen  arranque de semana!",10,3.0,56.0,1000.0,"The investor and businessman Warren Buffett coined the phrase: ""Honesty is an expensive gift, do not expect it from cheap people."" And without a doubt, in life, integrity is the basis of a strong and prosperous society. Have a good start of the week!",approval
"Por este medio manifiesto que desconozco quien o quienes han pintado las diversas bardas que han aparecido en la ciudad, así como colocado las lonas de apoyo hacia mi persona, me deslindo de la realización de los actos referidos y exhorto a mis simpatizantes a que se conduzcan con apego a la convocatoria y a las leyes electorales aplicables al caso. Sigamos en unidad para defender los ideales del partido. ",116,25.0,109.0,17000.0,"By this means I manifest that I do not know who or those who have painted the various fences that have appeared in the city, as well as placed the support tarps towards my person, I slide from the realization of the referred acts and exhort my supporters to which they lead with attachment to the call and electoral laws applicable to the case. Let's continue in unity to defend the ideals of the party.",approval
"En 2017, mi amigo y maestro Andrés Manuel López Obrador escribió este libro, poniendo claro su proyecto alternativo de nación.
A seis años, y listos para la siguiente transformación, sólo puedo decir:
Misión cumplida, Presidente.",5,6.0,58.0,1000.0,"In 2017, my friend and teacher Andrés Manuel López Obrador wrote this book, making clear his alternative nation project.
Six years old, and ready for the next transformation, I can only say:
Mission fulfilled, president.",optimism
"Los quioscos de Jalisco están llenos de historia y recuerdos.
A ver, ¿cuáles reconocen de estas fotos?",2,2.0,37.0,742.0,"Jalisco kiosks are full of history and memories.
Let's see, which ones do you recognize from these photos?",confusion
"Con el pueblo todo, por el pueblo todo.",10,7.0,71.0,1000.0,"With the people everything, for the people everything.",neutral
No podemos cerrar los ojos ante la injusticia. La brecha salarial de género persiste y no podemos permitir que eso siga pasando.,6,4.0,46.0,1000.0,We cannot close our eyes to injustice. The gender wage gap persists and we cannot allow that to continue.,realization
"Hoy estamos ante un proyecto que arrancamos hace 19 años; que ha soportado innumerables ataques y descalificaciones.   Pero nada nos ha detenido, y aquí estoy con la cabeza en alto y el corazón encendido a punto de alcanzar el sueño.  

La esperanza es lo que nos ha mantenido en  todos estos años, luchando, trabajando y construyendo este gran movimiento de transformación que hoy exigen los jaliscienses. Estamos preparados, estamos listos, y estamos deseosos de arrancar porque Jalisco nos está llamando.    

Hoy les anuncio que me he registrado para ser el Coordinador de la Defensa de la Cuarta Transformación en Jalisco.",42,30.0,113.0,12000.0,"Today we are facing a project that we started 19 years ago; which has supported innumerable attacks and disqualifications. But nothing has stopped us, and here I am with my head up and my heart ignited about to reach sleep.

Hope is what has kept us in all these years, fighting, working and building this great transformation movement that Jalisco demands today. We are prepared, we are ready, and we are eager to start because Jalisco is calling us.

Today I announce that I have registered to be the coordinator of the defense of the fourth transformation in Jalisco.",approval
A las 12:00 p.m compartiré con todas y todos ustedes un mensaje que marcará el rumbo de nuestro estado. ¡Nos vemos!,11,3.0,66.0,3000.0,At 12:00 p.m. I will share with all of you a message that will mark the course of our state. See you!,joy
"La honestidad es la mejor virtud que podemos heredar a
nuestras hijas e hijos. ¡La verdad nos hará libres!",5,2.0,29.0,1000.0,"Honesty is the best virtue we can inherit
Our daughters and sons. The truth will make us free!",approval
"Estoy de todo corazón con mis amigas y amigos de Autlán de Navarro que están sufriendo por el desborde del arroyo El Cangrejo, que ya ha causado fallecimientos y familias damnificadas.

En estos momentos, la fuerza y solidaridad de los jaliscienses hará la diferencia.",3,6.0,47.0,1000.0,"I am of all my heart with my friends and friends of Autlán de Navarro who are suffering from the overflow of the El Cangrejo stream, which has already caused deaths and affected families.

At the moment, the strength and solidarity of the Jalisco will make the difference.",sadness
"Hoy quiero felicitar por motivo de su cumpleaños a @adan_augusto
, amigo y compañero de lucha, Desde los inicios en 
@PartidoMorenaMx
, su compromiso y trabajo han sido piezas fundamentales para transformar a México. 

Enhorabuena y que vengan muchos años más, llenos de éxito y triunfos.",8,8.0,48.0,2000.0,"Today I want to congratulate @adan_augusto for his birthday
, friend and fighting partner, from the beginning in
@Partidomorenamx
, their commitment and work have been fundamental pieces to transform Mexico.

Congratulations and come many more years, full of success and triumphs.",admiration
"Guadalajara es el alma de Jalisco y el corazón de México: el centro de una zona metropolitana con mucho potencial, pero también con muchos problemas y desigualdades.

Recuperemos el orgullo que nos da ser de la Perla de Occidente.",2,26.0,40.0,620.0,"Guadalajara is the soul of Jalisco and the heart of Mexico: the center of a metropolitan area with a lot of potential, but also with many problems and inequalities.

Let's recover the pride that gives us to be from the pearl of the West.",realization
"Hoy quiero felicitar a nuestro compañero del movimiento, @RicardoMonrealA
, en su día especial. Tu dedicación y compromiso con México y Morena son un ejemplo para todos nosotros. ¡Que este nuevo año te traiga más éxitos y logros en nuestra lucha por la transformación! Sigamos trabajando juntos por un México más fuerte y justo. ¡Feliz cumpleaños, Ricardo!",2,27.0,60.0,805.0,"Today I want to congratulate our movement partner, @ricardomonreala
, in its special day. Your dedication and commitment to Mexico and Morena are an example for all of us. May this new year bring you more successes and achievements in our struggle for transformation! Let's continue working together for a stronger and fair Mexico. Happy birthday, Ricardo!",excitement
En unos minutos se llevará a cabo el segundo simulacro nacional 2023. Es vital estar preparados y saber cómo actuar en caso de un sismo. Tu seguridad y la de tus seres queridos son lo más importante. ¡Participa y tomemos juntos medidas de precaución para cuidarnos entre todos!,1,23.0,84.0,1000.0,"In a few minutes, the second 2023 national drill will be carried out. It is vital to be prepared and know how to act in case of an earthquake. Your safety and that of your loved ones are the most important. Participate and take precautionary measures to take care of each other!",caring
"Cuando se trata de defender a Jalisco, no hay vuelta atrás. Siempre estaré aquí, firme y sin titubeos, dispuesto a enfrentar a los malos gobiernos naranjas. ¡Juntos construiremos un Jalisco mejor!",77,28.0,108.0,7000.0,"When it comes to defending Jalisco, there is no turning back. I will always be here, firm and without hesitation, willing to face the bad orange governments. Together we will build a better Jalisco!",approval
"Lomelí denuncia insensibilidad de Lemus hacia grupos vulnerables en Guadalajara. @DrCarlosLomeli
 y regidores de 
@GuadalajaraGob
 denuncian la falta de apoyo de 
@PabloLemusN
 hacia personas con discapacidad del Centro de Atención Metropolitana Integral.",1,3.0,20.0,1000.0,"Lomelí denounces Lemus insensitivity to vulnerable groups in Guadalajara. @Drcarloslomeli
 and councilors of
@Guadalajaragob
 They denounce the lack of support from
@Pablolemusn
 towards people with disabilities of the Comprehensive Metropolitan Care Center.",neutral
Solamente sumando esfuerzos se puede lograr el objetivo de transformar Jalisco. Me siento muy agradecido con el gran recibimiento y las muestras de apoyo que nos hicieron vecinas y vecinos del parque El Refugio. La gente pide un cambio ¡se ve y se siente!,2,4.0,33.0,641.0,Only by adding efforts can be achieved the goal of transforming Jalisco. I feel very grateful to the great reception and the signs of support that made us neighbors and neighbors of the El Refugio Park. People ask for a change. They look and feel!,admiration
"Es hora de abrir los ojos: mientras el actual alcalde de Guadalajara se enfoca en sus intereses, nosotros, las y los regidores de Morena, estamos aquí para escuchar, entender y trabajar en soluciones reales para los problemas de nuestra ciudad. ¡Guadalajara y Jalisco merecen una verdadera transformación!",13,10.0,45.0,1000.0,"It is time to open the eyes: while the current mayor of Guadalajara focuses on their interests, we, the brunette councilors, we are here to listen, understand and work on real solutions for the problems of our city. Guadalajara and Jalisco deserve a real transformation!",approval
"¿Sabías que @JaliscoTV
 pagó 2.5 millones de pesos a #INDATCOM? La empresa favorita de publicidad de #MovimientoCiudadano, para hacer una campaña en donde se pagó una pauta para promocionar una nota falsa de un medio nacional que atacaba a 
@Claudiashein
 y 
@DrCarlosLomeli
.",4,8.0,26.0,1000.0,"Did you know that @jaliscotv
 paid 2.5 million pesos to #indatcom? The favorite advertising company of #Movimientociudadano, to make a campaign where a guideline was paid to promote a false note of a national medium that attacked
@Claudiashein
 and
@Drcarloslomeli
.",neutral
"Estimado @jcentresemana
 lamento profundamente el sensible fallecimiento de tu señora madre. 

Toda mi solidaridad en estos momentos tan difíciles.",13,,,451.0,"Estimated @jCentresemana
 I deeply regret the sensitive death of your mother.

All my solidarity in these difficult times.",grief
¡Buenos días Jalisco! Hoy es el mejor momento para empezar con toda la actitud para seguir mejorando como personas y enforcarnos en nuestras metas por el Jalisco que queremos.,4,1.0,33.0,907.0,Good morning Jalisco! Today is the best time to start with all the attitude to continue improving as people and get on our goals for the jalisco we want.,excitement
"Con tu mano y con mi mano, juntos podemos construir el Jalisco que nos merecemos.

¡Vamos adelante!",24,12.0,59.0,2000.0,"With your hand and with my hand, together we can build the jalisco we deserve.

Let's go ahead!",approval
Hoy conmemoramos nuestra independencia y renovamos nuestro compromiso con un México que avance hacia la transformación y la igualdad. ¡Viva México!,2,5.0,27.0,595.0,Today we commemorate our independence and renew our commitment to a Mexico that advances towards transformation and equality. Long live Mexico!,realization
"Hoy es un día muy especial para las y los mexicanos. El 15 de septiembre nos recuerda que la lucha por la independencia es parte de nuestro ADN como nación. 

Así como nuestros héroes lucharon por liberarnos del yugo extranjero, hoy continuamos luchando por una independencia de la corrupción, la desigualdad y la injusticia. 

La #4T es la continuación de ese espíritu de lucha, y juntos estamos construyendo un México más libre y justo. ¡Viva México! ¡Viva Jalisco!",3,4.0,30.0,1000.0,"Today is a very special day for Mexicans. September 15 reminds us that the struggle for independence is part of our DNA as a nation.

Just as our heroes fought to free ourselves from foreign yoke, today we continue to fight for an independence of corruption, inequality and injustice.

The #4T is the continuation of that struggle spirit, and together we are building a freer and more fair Mexico. Long live Mexico! Long live Jalisco!",approval
"Con tu mano y con mi mano, juntos podemos construir el Jalisco que nos merecemos.

¡Vamos adelante!",4,5.0,29.0,499.0,"With your hand and with my hand, together we can build the jalisco we deserve.

Let's go ahead!",approval
"¡Hoy celebramos un paso histórico para el Estado de México! 

La Mtra. Delfina Gómez ha tomado protesta como gobernadora, cumpliendo el sueño de miles de mexiquenses que anhelaban un cambio real. Su liderazgo y compromiso son inspiración para todos nosotros en Jalisco  ¡Felicidades, 
@delfinagomeza
! ¡SÍ SE PUDO!",2,31.0,25.0,869.0,"Today we celebrate a historic step for the State of Mexico!

The Mtra. Delfina Gómez has taken protest as governor, fulfilling the dream of thousands of Mexicans who yearned for a real change. His leadership and commitment are inspiration for all of us in Jalisco Congratulations,
@Delfinagomeza
! Yes it could!",admiration
"El día de hoy tuve la oportunidad de acompañar a mi amigo @michel_profe
 en su segundo informe como presidente municipal de Puerto Vallarta. 

Desde el inicio de su administración, el Profe ha demostrado su compromiso con la gente, al poner al centro de su gobierno, los principios que definen a la #CuartaTransformación. ¡Enhorabuena, Profe!",6,33.0,,873.0,"Today I had the opportunity to accompany my friend @michel_profe
 In his second report as municipal president of Puerto Vallarta.

Since the beginning of his administration, the teacher has demonstrated his commitment to the people, by putting the center of his government, the principles that define the #cuartatransformation. Congratulations, teacher!",admiration
Los lonches del Mercado Corona son una joya culinaria en Guadalajara. ¿Ya los probaste? Les prometo que les van a encantar.,2,1.0,28.0,471.0,The slices of the Corona market are a culinary jewel in Guadalajara. Have you tried them? I promise you to love them.,love
"A lo largo de mis experiencias, he presenciado el genuino interés y determinación de líderes como  
@Claudiashein
 hacia los desafíos que enfrenta México. Su carácter comprensivo y su firmeza son evidentes cuando identifica a Jalisco como fundamental en la edificación de una nación más grande. Su enfoque resuena profundamente conmigo. 

Comparto la creencia de que es vital trabajar codo a codo, siempre con el propósito de forjar un México y un Jalisco más sólidos y unidos.",46,12.0,63.0,7000.0,"Throughout my experiences, I have witnessed the genuine interest and determination of leaders such as
@Claudiashein
 Towards the challenges that Mexico faces. His comprehensive character and firmness are evident when he identifies Jalisco as fundamental in building a larger nation. Your approach is deeply resonated with me.

I share the belief that it is vital to work side by side, always with the purpose of forging a more solid and united Mexico and jalisco.",admiration
"Nos merecemos un gobierno que sí pueda cumplir su palabra.

Les comparto esta reflexión:",9,8.0,40.0,1000.0,"We deserve a government that can fulfill your word.

I share this reflection:",approval
"Hoy celebramos el acto heroico de nuestros Niños Héroes, un recordatorio de valentía y sacrificio. Estos actos nos impulsan a seguir luchando por un mejor Jalisco.",1,31.0,45.0,442.0,"Today we celebrate the heroic act of our children heroes, a reminder of courage and sacrifice. These acts drive us to continue fighting for a better Jalisco.",admiration
"Solamente desde la honestidad podemos construir una mejor realidad; la realidad de bienestar que merecemos todas y todos en Jalisco.

¡Vivamos en la verdad por el estado que merecemos!",44,17.0,66.0,3000.0,"Only from honesty we can build a better reality; The reality of well -being that we all deserve in Jalisco.

Let's live in the truth for the state we deserve!",approval
"Han sido dos años de un gobierno en Guadalajara lleno de corrupción, impunidad, simulación, engaño, superficialidad e ineptitud.

Hoy aprovechamos nuestra conferencia de prensa para exponer todos estos temas y reiterar que las y los regidores de #morena no descansaremos hasta que se haga justicia y Guadalajara deje de ser la #CapitalDeLaCorrupción",2,33.0,58.0,598.0,"They have been two years of a government in Guadalajara full of corruption, impunity, simulation, deception, superficiality and ineptitude.

Today we take advantage of our press conference to expose all these issues and reiterate that the #Morena councilors will not rest until justice is done and Guadalajara ceases to be the #Capital of the Act",realization
"Esta mañana participé en la Tercera Sesión Ordinaria del @ConsejoMorenaMX
, donde se entregó la constancia que acredita a mi amiga 
@Claudiashein
 como la Coordinadora de los Comités de Defensa de la 4T.

En ese contexto, Claudia nos instó a establecer Comités de Defensa en todo el país para lograr la unidad y promover los logros del gobierno del Presidente 
@lopezobrador_
 . En Morena tenemos un arduo trabajo por delante y continuaremos construyendo un mejor futuro para el país.",5,11.0,54.0,2000.0,"This morning I participated in the third ordinary session of the @Consejomorenamx
, where the record that accredits my friend was delivered
@Claudiashein
 as the coordinator of the 4T Defense Committees.

In that context, Claudia urged us to establish defense committees throughout the country to achieve unity and promote the president's achievements
@lopezobrador_
 . In Morena we have hard work ahead and we will continue to build a better future for the country.",approval
"¡Listo para acompañar a nuestra compañera @Claudiashein
  en el Consejo Nacional de MORENA!",19,19.0,103.0,4000.0,"Ready to accompany our partner @claudiashein
  In the National Council of Morena!",approval
"Mi recorrido por el estado refuerza mi convicción: Jalisco clama por una transformación real. Estoy en sintonía con la ciudadanía para hacer realidad este cambio sin precedentes. ¡Sin miedo, sin pausa, hacia adelante!",6,4.0,38.0,840.0,"My journey through the State reinforces my conviction: Jalisco cries out for a real transformation. I am in tune with citizens to make this change unprecedented. Without fear, without pause, forward!",approval
"El día de hoy tuve el honor de visitar Amatitán y ser parte del segundo informe de mi amigo el presidente municipal, Saúl Pérez Ocampo. @PartidoMorenaMx
 es semillero de buenos gobiernos porque pone al centro las necesidades de la gente, siguiendo los principios de no mentir, no robar y no traicionar al pueblo. ¡Enhorabuena, Amatitán! ¡Sigue Jalisco!",2,7.0,41.0,815.0,"Today I had the honor of visiting Amatitán and being part of my friend's second report, the municipal president, Saúl Pérez Ocampo. @Partidomorenamx
 It is a seedbed of good governments because it puts the needs of the people in the center, following the principles of not lying, not stealing and not betraying the people. Congratulations, Amatitán! Jalisco continues!",admiration
"Llegamos al final del día y que mejor momento para reflexionar, quedarnos con lo aprendido y seguir mejorando. Cuéntenme que tal su día, los estaré leyendo. ¡Buenas noches Jalisco!",11,4.0,39.0,1000.0,"We arrive at the end of the day and what better time to reflect, stay with what has been learned and continue to improve. Tell me how about your day, I will be reading them. Good night Jalisco!",gratitude
"Impulsados por la unidad y el liderazgo de  
@Claudiashein
, Coordinadora de los Comités de Defensa de la Cuarta Transformación, avanzamos en Jalisco y Mexico hacia la realización de los propósitos sociales y humanos que el pueblo ha adoptado, manteniendo vivo el invaluable legado del presidente 
@lopezobrador_",7,33.0,48.0,683.0,"Driven by unity and leadership of
@Claudiashein
, Coordinator of the Fourth Transformation Defense Committees, we advance in Jalisco and Mexico towards the realization of the social and human purposes that the people have adopted, keeping alive the invaluable legacy of the president
@lopezobrador_",approval
¡Listo para acompañar a nuestra compañera,19,19.0,103.0,4000.0,Ready to accompany our partner,approval
Estoy convencido de que la honestidad es la base para relaciones sólidas y duraderas. Quiero agradecer de corazón a mis amigos e invitados del #DocCast por compartir este valor y estas experiencias.,5,8.0,38.0,848.0,I am convinced that honesty is the basis for solid and lasting relationships. I want to thank my friends and guests of the #Doccast for sharing this value and these experiences.,gratitude
"Con la fuerza de la unidad, ¡estamos listos para ganar con la Dra. @Claudiashein
!

Nadie detendrá la Transformación de Jalisco en 2024.",128,72.0,258.0,29000.0,"With the force of the unit, we are ready to win with Dra. @Claudiashein
!

No one will stop the transformation of Jalisco in 2024.",excitement
"Me sumo a las felicitaciones para una compañera que trabaja cada día por la tranquilidad de todas y todos en México.

¡Más éxitos @rosaicela_
! En Jalisco reconocemos tu labor.",10,6.0,47.0,1000.0,"I join the congratulations for a partner who works every day for the tranquility of all and all in Mexico.

More successes @rosaicela_
! In Jalisco we recognize your work.",admiration
"Los gobiernos naranjas no cumplen sus promesas. 

La lluvia de estos últimos días ha dejado en evidencia la negligencia del presidente municipal de Guadalajara. Su gobierno gasta millones en frivolidades como carruseles y patrullas a sobreprecio, mientras que la ciudad se cae a pedazos.",2,28.0,54.0,618.0,"Orange governments do not fulfill their promises.

The rain of these last days has evidenced the negligence of the municipal president of Guadalajara. His government spends millions on frivolities such as carousels and overpatles, while the city falls apart.",disappointment
"Amigo @ChavaHernandez_
 , lamento profundamente la pérdida de tu hermano. Deseo que la resignación y la tranquilidad lleguen pronto para ti y tu familia. Abrazo.",1,2.0,24.0,628.0,"Friend @chavahernandez_
 , deeply regret the loss of your brother. I want resignation and tranquility to arrive soon for you and your family. Hug.",caring
"Como Regidor de Guadalajara, mi compromiso está con la gente. No son solo palabras, es acción. Trabajamos cada día para cumplir y seguiremos trabajando, porque cuando se promete, se cumple.",6,8.0,53.0,1000.0,"As a guadalajara councilor, my commitment is with people. They are not just words, it's action. We work every day to fulfill and we will continue working, because when it is promised, it is fulfilled.",optimism
"Nuestro presidente  
@lopezobrador_
 , nos ha demostrado que es posible acabar con la corrupción y los privilegios. Su compromiso y su amor por México nos inspira a todas y todos a seguir construyendo un país más justo y próspero. ¡Sigamos avanzando!",3,1.0,29.0,575.0,"Our president
@lopezobrador_
 , it has shown us that it is possible to end corruption and privileges. His commitment and his love for Mexico inspires us all to continue building a more fair and prosperous country. Let's go ahead!",admiration
"Acompañemos en su #5toInforme al hombre que transformó a México. 

¡Por el bien de todas y todos, primero los pobres! ¡Gracias presidente 
@lopezobrador_
 !",1,1.0,31.0,741.0,"Let's accompany the man who transformed Mexico.

For the good of all and all, first the poor! Thanks president
@lopezobrador_
 !",gratitude
"¡Buenos días a todos y todas! Espero que hayan descansado y estén listos para empezar un nuevo día con todo. Como siempre, aquí estamos, compartiendo el viaje juntos. Que este día nos traiga oportunidades y sonrisas. ¡A darle con todo!",1,32.0,41.0,533.0,"Good morning to all! I hope you have rested and are ready to start a new day with everything. As always, here we are, sharing the trip together. That this day bring us opportunities and smiles. To give it with all!",joy
"En El Salto encontramos amistad, confianza y apoyo para defender juntas y juntos la #4T en Jalisco.   Gracias por estar a nuestro lado, su confianza y cariño son nuestro motor. ¡Hagamos historia en Jalisco",1,10.0,54.0,928.0,"In the jump we find friendship, trust and support to defend together and together the #4T in Jalisco. Thank you for being by our side, your trust and affection are our engine. Let's make history in Jalisco",gratitude
"Nuestra solidaridad está con las familias de Acapulco, en especial con quienes han perdido a un ser querido debido al huracán Otis. En estos momentos difíciles, la unidad y la ayuda son fundamentales. Te invitamos a contribuir y donar lo necesario en los centros de acopio del @ISSSTE_mx en Guadalajara para apoyar a las personas afectadas en Acapulco. Entre todas y todos, podemos marcar la diferencia y brindar el apoyo tan necesario.",2,7.0,37.0,747.0,"Our solidarity is with Acapulco's families, especially with those who have lost a loved one due to Hurricane Otis. In these difficult times, unity and help are fundamental. We invite you to contribute and donate what is necessary in the collection centers of @issste_mx in Guadalajara to support people affected in Acapulco. Among all, we can make a difference and provide so necessary support.",caring
"La honestidad me ha llevado a ganarme el respeto y cariño de las personas. No tomo a la ligera sus palabras, aquí, lo que se promete, ¡se cumple!",5,6.0,34.0,475.0,"Honesty has led me to win the respect and affection of people. I do not take his words lightly, here, what is promised, is fulfilled!",optimism
"Me llena de felicidad voltear al pasado y recordar mis inicios en Morena, siempre impulsados por la honestidad, el respeto y el compromiso con el pueblo. ¡Gracias a todos quienes me han acompañado en este camino! Estamos en la recta final de un largo recorrido en el que hemos trabajado mucho, pero estoy convencido de que nos esperan cosas realmente grandes.",27,15.0,71.0,2149.0,"It fills me with happiness to turn to the past and remember my beginnings in Morena, always driven by honesty, respect and commitment to the people. Thanks to all who have accompanied me on this path! We are in the final stretch of a long journey in which we have worked hard, but I am convinced that really great things await us.",gratitude
"Desde inicios de mi carrera, mi objetivo siempre ha sido ayudar a las personas que más lo necesitan. ¡Muchas gracias a quienes me han acompañado en este camino! Todavía falta mucho por recorrer, pero estoy convencido de que vienen cosas muy grandes.",7,12.0,58.0,640.0,"Since the beginning of my career, my goal has always been to help the people who need it most. Thank you very much to those who have accompanied me on this path! There is still much to go, but I am convinced that very big things come.",gratitude
"Hoy, nuestra compañera @MariaPadillaRom rindió su segundo informe como Diputada de Jalisco. Quiero expresar mi profunda admiración por sus incansables esfuerzos en la lucha por la igualdad y la justicia social. María es un ejemplo de valentía y compromiso para todas y todos. ¡Todo nuestro apoyo en tu segundo informe!",1,3.0,37.0,498.0,"Today, our partner @mariapadillarom paid off his second report as deputy of Jalisco. I want to express my deep admiration for its tireless efforts in the struggle for equality and social justice. Maria is an example of courage and commitment to everyone. All our support in your second report!",admiration
"Hoy, como cada 25 del mes, conmemoramos el Día para generar conciencia y prevenir la violencia contra mujeres y niñas. Es un día para reflexionar sobre nuestras acciones. Juntas y juntos, hagamos un llamado a la paz y al respeto, ¡hoy y todos los días!",4,13.0,67.0,,"Today, as every 25 of the month, we commemorate the day to raise awareness and prevent violence against women and girls. It is a day to reflect on our actions. Together and together, let's call for peace and respect, today and every day!",joy
"En el Día Internacional de la Lucha contra el #CáncerDeMama, como médico y ser humano, quiero unirme a esta causa crucial. Admiro profundamente la valentía de quienes enfrentan esta batalla. La detección temprana es esencial en esta lucha. Invito a todas las jaliscienses a cuidar de su salud y programar revisiones regulares. ¡Juntas y juntos luchemos contra esa enfermedad!",0,2.0,27.0,372.0,"On the International Day of the fight against #Cancerdemama, as a doctor and human being, I want to join this crucial cause. I deeply admire the courage of those who face this battle. Early detection is essential in this fight. I invite all Jalisco to take care of their health and schedule regular reviews. Together and together let's fight that disease!",admiration
"Quiero agradecer de corazón a la Dra. @Claudiashein por ser parte de mi libro. Su historia es una inspiración: desde sus días como una estudiante comprometida y una oradora apasionada, hasta su papel crucial en las luchas estudiantiles de los años 70 y 80. Claudia es un verdadero ejemplo de capacidad y dedicación. Admiro profundamente su liderazgo y su incansable esfuerzo en favor del pueblo. Como bien menciona Arturo Cano en su libro: '¡con personas como Claudia, sabemos que es posible!'. Sigamos trabajando juntos para un México mejor.",14,19.0,76.0,2678.0,"I want to thank Dra. @Claudiashein for being part of my book. His story is an inspiration: from his days as a committed student and a passionate speaker, to his crucial role in the student struggles of the 70s and 80s. Claudia is a true example of capacity and dedication. I deeply admire his leadership and his tireless effort in favor of the people. As Arturo Cano mentions in his book: 'With people like Claudia, we know it is possible!' Let's continue working together for a better Mexico.",admiration
"Trabajo todos los días para cumplirle a la gente, que me da el regalo más valioso: su confianza y amistad.",0,1.0,30.0,379.0,"I work every day to fulfill people, who gives me the most valuable gift: their trust and friendship.",gratitude
Los sonidos de Jalisco enamoran a todo México. ¡Viva Jalisco! ¡Viva el mariachi!,1,2.0,40.0,620.0,Jalisco's sounds fall in love with all of Mexico. Long live Jalisco! Long live the Mariachi!,neutral
Alguna vez mi madre me dijo que la confianza es difícil de ganar porque se sostiene con nuestro diario actuar. Veamos este nuevo día como una oportunidad para estar a la altura de nuestros dichos.,1,4.0,41.0,693.0,Once my mother told me that trust is difficult to win because it is sustained with our newspaper acting. Let's see this new day as an opportunity to live up to our sayings.,optimism
#REDelectoral la encuestadora #CEresearch reporta al @DrCarlosLomeli como puntero en el ejercicio de reconocimiento rumbo a la #Encuesta para determinar al coordinador de la defensa de la 4T en #Jalisco.,1,3.0,13.0,633.0,#Redelectoral The #ceresearch pollster reports to @drcarlosLomeli as a pointer in the recognition exercise to the #Encuesta to determine the 4T defense coordinator in #jalisco.,neutral
"Iniciamos nuestra tradicional conferencia de prensa, en este día nublado, tan nublado como la administración del gobierno municipal de Guadalajara.",21,16.0,75.0,3000.0,"We start our traditional press conference, on this cloudy day, as cloudy as the administration of the municipal government of Guadalajara.",approval
"Para cerrar la semana, es bueno recordar que el liderazgo se gana con amor y compromiso. Tengan un feliz domingo.",7,16.0,75.0,1000.0,"To close the week, it is good to remember that leadership is won with love and commitment. Have a happy Sunday.",joy
Hoy tuvimos el honor de recibir a la Dra. @Claudiashein en Jalisco. Su compromiso con la Cuarta Transformación nos llena de inspiración. ¡Apoyamos su liderazgo como Coordinadora de Defensa de la 4T!,3,9.0,56.0,1000.0,Today we had the honor of receiving Dr. @claudiashein in Jalisco. His commitment to the fourth transformation fills us with inspiration. We support your leadership as 4T Defense Coordinator!,approval
Agradecido con todas sus muestras de cariño y sus palabras de aliento.,1,1.0,31.0,463.0,Grateful to all his signs of affection and his words of encouragement.,gratitude
"Saludando a una amiga de verdad, la primera mujer en ocupar la mas alta responsabilidad en México: la Dra. @Claudiashein ¡Ella es!",4,15.0,75.0,1000.0,"Greeting a real friend, the first woman to occupy the highest responsibility in Mexico: Dr. @claudiashein is!",neutral
"¡Bienvenida a Jalisco, @Claudiashein!",40,45.0,180.0,7000.0,"Welcome to Jalisco, @claudiashein!",neutral
"Hoy, mientras compartía con mi esposa e hijas, reflexionaba sobre cómo he tenido la bendición de conocer cada rincón de Jalisco y, en cada comunidad, he tenido al menos una amiga o amigo. ¡Qué hermoso regalo me ha dado Dios!",14,7.0,54.0,2000.0,"Today, while sharing with my wife and daughters, I reflected on how I had the blessing of knowing every corner of Jalisco and, in each community, I have had at least one friend or friend. What a beautiful gift God has given me!",admiration
"El día de hoy, tuve el gusto de compartir un momento muy especial con las y los vecinos de Tonalá, quienes me invitaron a conversar sobre mi deseo de coordinar los Comités de Defensa de la Cuarta Transformación en Jalisco. Todavía falta mucho por hacer en Jalisco. Sigamos defendiendo el único movimiento que ama y respeta al pueblo. ¡Gracias a la cuna alfarera por la invitación!",3,6.0,44.0,1069.0,"Today, I had the pleasure of sharing a very special moment with the residents of Tonalá, who invited me to talk about my desire to coordinate the defense committees of the fourth transformation in Jalisco. There is still much to do in Jalisco. Let's continue defending the only movement that loves and respects the people. Thanks to the alfarera crib for the invitation!",gratitude
"¿Cómo están? Cuando leo sus comentarios en las redes sociales y escucho a la gente en mis recorridos, no solo los comprendo, sino que también encuentro el camino para trabajar incansablemente por un futuro mejor para el estado. La vida me ha enseñado a tener el compromiso de servir y trabajar con honestidad, dedicación y pasión.",4,4.0,37.0,997.0,"How are they? When I read their comments on social networks and listen to people on my tours, I not only understand them, but also find the way to work tirelessly for a better future for the State. Life has taught me to have the commitment to serve and work with honesty, dedication and passion.",approval
"El día de hoy se realizó la segunda Sesión Extraordinaria del Consejo Estatal de Morena Jalisco, de la que salimos más fortalecidos como movimiento. Agradezco a mis compañeras y compañeros por su compromiso y dedicación. Estamos llamados a ser parte de un proyecto transformador para Jalisco, y juntos lograremos un estado más justo y equitativo. En este camino, nuestra unidad es nuestra mayor fortaleza. Sigamos adelante con un proceso interno limpio, incluyente y respetuoso, y que sea el pueblo de Jalisco quien decida. ¡Juntas y juntos somos más fuertes!",21,17.0,106.0,5119.0,"Today the second extraordinary session of the State Council of Morena Jalisco was held, of which we were more strengthened as movement. I thank my partners for their commitment and dedication. We are called to be part of a transforming project for Jalisco, and together we will achieve a fairer and more equitable state. On this path, our unity is our greatest strength. Let us continue with a clean, inclusive and respectful internal process, and that it is the people of Jalisco who decides. Together and together we are stronger!",admiration
Todo se puede lograr si trabajamos con convicción y honestidad. ¡Hagamos posibles nuestros sueños!,21,6.0,57.0,2000.0,Everything can be achieved if we work with conviction and honesty. Let's make our dreams possible!,approval
"Aquí estoy, con la cabeza en alto y el corazón encendido, a punto de alcanzar este sueño. ¡Vamos unidos por la esperanza! ¡Vamos unidos por Jalisco! ¡Vamos unidos por México!",31,19.0,89.0,3000.0,"Here I am, with my head up and my heart on, about to reach this dream. We are united by hope! We are united by Jalisco! We are united by Mexico!",optimism
"Tenemos frente a nosotros una enorme responsabilidad, Pero podemos con ella. El destino nos llama. Estamos llamados a ser parte de un proyecto muy grande que es la transformación de una realidad que duele al pueblo de Jalisco. A mis compañeros les subrayo que estamos comprometidos a realizar un proceso interno limpio, incluyente y respetuoso, porque tenemos que salir más unidos y fortalecidos que nunca.",5,9.0,65.0,2057.0,"We have an enormous responsibility in front of us, but we can with it. Destiny calls us. We are called to be part of a very large project that is the transformation of a reality that hurts to the people of Jalisco. I underline my colleagues that we are committed to a clean, inclusive and respectful internal process, because we have to leave more united and strengthened than ever.",approval
"A Jalisco le urge que llegue la Cuarta Transformación, porque necesitamos que regresen la paz y tranquilidad, que haya rumbo, educación y seguridad para nuestros jóvenes, que las mujeres y niñas puedan regresar seguras a casa. Nos merecemos un gobierno lleno de oportunidades, de crecimiento, de desarrollo y bonanza, sin saqueo, sin corrupción, sin racismo, sin clasismo y sin regateo para las y los jaliscienses.",59,23.0,107.0,24100.0,"Jalisco is urgent for the fourth transformation to arrive, because we need peace and tranquility to return, that there is direction, education and security for our young people, that women and girls can return safely. We deserve a government full of opportunities, growth, development and bonanza, without looting, without corruption, without racism, without classism and without bargaining for the Jalisco.",desire
"Hoy nos acompañan en nuestra #MañaneraGdl usuarios del Centro de Atención Metropolitana Integral para una Vida Digna con Discapacidad (CEAMIVIDA), a quienes con el uso de la fuerza pública se les impidió el acceso al salón de pleno, el martes pasado durante la sesión de Ayuntamiento. Los usuarios y sus familias piden que no sean reubicados del lugar en donde desde hace años han recibido atención por parte del @DIFGUADALAJARA.",4,8.0,34.0,1000.0,"Today they accompany us in our #Mañaneragdl users of the Comprehensive Metropolitan Care Center for a dignified life with disabilities (ceamivide), who with the use of the public force were prevented access to the Plenary Hall, last Tuesday during the session of City hall. Users and their families ask that they are not relocated to the place where they have received attention for years from the @difguadalajara.",neutral
"Hace una semana, en este mismo espacio, realizamos un análisis de los dos años de gestión del gobierno de Pablo Lemus y evidenciamos que en este periodo, lo que más ha prevalecido es la corrupción, la impunidad, la simulación, el engaño, la superficialidad y la ineptitud. #MañaneraGdl",6,7.0,39.0,1636.0,"A week ago, in this same space, we carried out an analysis of the two years of government management of Pablo Lemus and evidence that in this period, what has most prevailed is corruption, impunity, simulation, deception, superficiality and ineptitude. #Mañaneragdl",realization
"Las y los regidores de morena en Guadalajara, presentamos una denuncia ante la Fiscalía Especializada en Combate a la Corrupción, por la negligencia que la Contraloría Ciudadana de este municipio ha tenido para investigar los actos de corrupción que hemos expuesto reiteradamente, en la contratación, compra y arrendamientos de bienes y servicios. #MañaneraGdl",23,21.0,68.0,5187.0,"The MORENA councilors in Guadalajara, we filed a complaint with the Prosecutor's Office specialized in fighting corruption, for the negligence that the Comptroller Citizen of this municipality has had to investigate the acts of corruption that we have repeatedly exposed, in hiring, purchase and leases of goods and services. #Mañaneragdl",approval
"Esta Transformación está avanzando en todo el país y ya nadie la detiene; es el momento de que se escuche la voz de Jalisco y de quienes queremos un estado de bienestar, tranquilidad y prosperidad. ¡En 2024, nuestro destino está en nuestras manos!",15,12.0,54.0,1000.0,"This transformation is advancing throughout the country and nobody stops it; It is time for the voice of Jalisco to be heard and of whom we want a state of well -being, tranquility and prosperity. In 2024, our destiny is in our hands!",approval
A @fisgonmonero y al equipo del @infpmorena le debemos que en @PartidoMorenaMx todos los cuadros tengamos una ideología bien definida a favor del bienestar y de poner siempre primero a los pobres en este proyecto de país. ¡Nos quedan muchos años de trabajar juntos por Jalisco y México!,16,8.0,67.0,1676.0,To @fisgonmero and the @infpmorena team we owe him that in @partidomorenamx all the paintings have a well -defined ideology in favor of well -being and always put the poor first in this country project. We have many years to work together for Jalisco and Mexico!,desire
"Las y los regidores de Morena hemos destapado la corrupción y la negligencia del gobierno municipal de Guadalajara en estos dos años de administración. Trabajamos incansablemente por la transformación de Guadalajara y de todo Jalisco. ¡Juntos, lo haremos posible!",31,16.0,51.0,1000.0,"The MORENA councilors have uncovered the corruption and negligence of the Municipal Government of Guadalajara in these two years of administration. We work tirelessly for the transformation of Guadalajara and Todo Jalisco. Together, we will make it possible!",approval
"En cada sesión del Ayuntamiento de Guadalajara, reafirmo mi compromiso de trabajar por las causas de los miles de tapatíos que confiaron en mí. No tengan duda que así seguiré, cumpliendo con mis compromisos y mi palabra.",11,8.0,52.0,2000.0,"In each session of the Guadalajara City Council, I reaffirm my commitment to work for the causes of the thousands of tapatios who trusted me. They have no doubt that I will continue, fulfilling my commitments and my word.",approval
Estoy muy contento de que la Dra. @Claudiashein sea la coordinadora de los Comités de Defensa de la Cuarta Transformación. Les comparto mi columna al respecto en El Occidental:,3,0.0,27.0,612.0,I am very happy that Dra. @Claudiashein is the coordinator of the Fourth Transformation Defense Committees. I share my column about it in the western one:,joy
"El alcalde de Guadalajara ha utilizado los recursos públicos para beneficio personal, ha enriquecido a sus amigos y cómplices con contratos públicos y ha utilizado su poder para obtener favores económicos. Su ambición tiene a Guadalajara sumida en la opacidad, en el caos, en la basura, en la inseguridad, en las inundaciones y en el abandono. Lo bueno que ya se va. ",145,101.0,211.0,16000.0,"The mayor of Guadalajara has used public resources for personal benefit, has enriched his friends with public contracts and has used his power to obtain economic favors. His ambition has Guadalajara in opacity, chaos, garbage, insecurity, floods and abandonment. The good thing that leaves.",realization
"En Jalisco los derechos de las mujeres deben garantizarse, caminar con tranquilidad, vivir libres de violencia y con igualdad de oportunidades. Estos son sus derechos, y lucharemos juntas y juntos por cada uno de ellos",2,2.0,37.0,603.0,"In Jalisco, women's rights must be guaranteed, walking calmly, living free of violence and equal opportunities. These are their rights, and we will fight together and together for each of them",approval
"Manteniendo firme nuestro compromiso de unidad, lograremos hacer realidad la transformación de Jalisco. ¡Sigamos adelante con determinación!",6,8.0,48.0,1000.0,"Keeping our commitment of unity firm, we will realize the transformation of Jalisco. Let's move on with determination!",approval
"Hoy he vuelto al Templo de Nuestra Señora de la Merced, el lugar al que mi mamá solía llevarme cuando era niño. Siempre regresamos a los lugares donde fuimos más felices y hoy estoy aquí para dar gracias por todas las bendiciones recibidas y recargar fuerzas para lo que está por venir. Además, he tenido la oportunidad de disfrutar junto a mi familia de uno de los tesoros gastronómicos de Guadalajara: las exquisitas flautas del Mercado Corona. ¡Les deseo a todos un feliz domingo!",2,1.0,28.0,402.0,"Today I have returned to the temple of Our Lady of Merced, the place to which my mother used to take me as a child. We always return to the places where we were happier and today I am here to give thanks for all the blessings received and recharge forces for what is to come. In addition, I have had the opportunity to enjoy with my family of one of Guadalajara's gastronomic treasures: the exquisite flutes of the Corona market. I wish everyone a happy Sunday!",gratitude
"¡Un trago amargo! Mientras la ciudad sufre por la falta de agua limpia, Movimiento Ciudadano parece tener sed... de dinero público. En lugar de resolver la crisis del agua, prefieren subir más impuestos y gastar a manos llenas. ¡Que no te engañen! #AguasConLosNaranjas",0,0.0,28.0,350.0,"A bitter drink! While the city suffers from the lack of clean water, Citizen Movement seems to be thirsty ... of public money. Instead of solving the water crisis, they prefer to raise more taxes and spend to full hands. Do not be fooled! #Aguasconlosaranjas",neutral
