texto,tokens,texto_ingles,emocion
"para ganarse el respeto y la confianza de las personas, hay que trabajar con honestidad e integridad.agradezco profundamente a todos los que me acompañan en esta ardua labor. ¡les deseo un excelente inicio de semana a todas y todos!","['para', 'ganarse', 'el', 'respeto', 'y', 'la', 'confianza', 'de', 'las', 'personas', 'hay', 'que', 'trabajar', 'con', 'honestidad', 'e', 'integridad', 'agradezco', 'profundamente', 'a', 'todos', 'los', 'que', 'me', 'acompañan', 'en', 'esta', 'ardua', 'labor', 'les', 'deseo', 'un', 'excelente', 'inicio', 'de', 'semana', 'a', 'todas', 'y', 'todos']","To earn people's respect and trust, you have to work with honesty and integrity. I wish you all of the week to all of the week!",desire
"en tepa y todos los altos hay gente trabajadora, buena y dedicada, que con o sin apoyo, han sabido construir una de las regiones más fértiles y productivas de méxico y de toda américa. ¡gracias por recibirme este domingo!","['en', 'tepa', 'y', 'todos', 'los', 'altos', 'hay', 'gente', 'trabajadora', 'buena', 'y', 'dedicada', 'que', 'con', 'o', 'sin', 'apoyo', 'han', 'sabido', 'construir', 'una', 'de', 'las', 'regiones', 'más', 'fértiles', 'y', 'productivas', 'de', 'méxico', 'y', 'de', 'toda', 'américa', 'gracias', 'por', 'recibirme', 'este', 'domingo']","In Tepa and all the highs there are working, good and dedicated people, who with or without support, have managed to build one of the most fertile and productive regions of Mexico and all of America. Thanks for receiving me this Sunday!",admiration
carlosdelvallemx,['carlosdelvallemx'],Carlosdelvallemx,neutral
conocer de cerca a la gente y sus historias me motiva y me llena de vida. es un privilegio estar y compartir con ustedes. gracias por inspirarme todos los días.,"['conocer', 'de', 'cerca', 'a', 'la', 'gente', 'y', 'sus', 'historias', 'me', 'motiva', 'y', 'me', 'llena', 'de', 'vida', 'es', 'un', 'privilegio', 'estar', 'y', 'compartir', 'con', 'ustedes', 'gracias', 'por', 'inspirarme', 'todos', 'los', 'días']",Knowing people closely and their stories motivates me and fills me with life. It is a privilege to be and share with you. Thanks for inspiring me every day.,gratitude
"si ustedes están conmigo, ¿quién puede contra nosotros?","['si', 'ustedes', 'están', 'conmigo', 'quién', 'puede', 'contra', 'nosotros']","If you are with me, who can against us?",curiosity
carlosdelvallemx,['carlosdelvallemx'],Carlosdelvallemx,neutral
"unidos por la transformación, comprometidos con la 4t. en jalisco, la unidad se fundamenta en los principios de morena, la organización, la movilización y la suma de todas las voluntades.con nuestras causas y morena por encima de todo, somos invencibles en jalisco.creemos en un méxico y un jalisco más justo y equitativo.","['unidos', 'por', 'la', 'transformación', 'comprometidos', 'con', 'la', '4t', 'en', 'jalisco', 'la', 'unidad', 'se', 'fundamenta', 'en', 'los', 'principios', 'de', 'morena', 'la', 'organización', 'la', 'movilización', 'y', 'la', 'suma', 'de', 'todas', 'las', 'voluntades', 'con', 'nuestras', 'causas', 'y', 'morena', 'por', 'encima', 'de', 'todo', 'somos', 'invencibles', 'en', 'jalisco', 'creemos', 'en', 'un', 'méxico', 'y', 'un', 'jalisco', 'más', 'justo', 'y', 'equitativo']","United for the transformation, committed to the 4T. In Jalisco, the unit is based on the principles of Morena, the organization, the mobilization and the sum of all the wills. With our causes and Morena above all, we are invincible in Jalisco. We believe in a Mexico and a fairer jalisco and equitable.",approval
"hoy celebramos 98 años de la refundación de la universidad de guadalajara , mi alma máter. aquí me forjé como médico y, aún más importante, descubrí el valor de la solidaridad y el compromiso de trabajar por el bienestar de mi gente.la udeg es mucho más que una institución académica; es una conquista que garantiza el derecho a la educación para quienes como yo, somos hijos del pueblo, un faro de conocimiento y un orgullo para jalisco y el país. ¡feliz aniversario, universidad de guadalajara!","['hoy', 'celebramos', '98', 'años', 'de', 'la', 'refundación', 'de', 'la', 'universidad', 'de', 'guadalajara', 'mi', 'alma', 'máter', 'aquí', 'me', 'forjé', 'como', 'médico', 'y', 'aún', 'más', 'importante', 'descubrí', 'el', 'valor', 'de', 'la', 'solidaridad', 'y', 'el', 'compromiso', 'de', 'trabajar', 'por', 'el', 'bienestar', 'de', 'mi', 'gente', 'la', 'udeg', 'es', 'mucho', 'más', 'que', 'una', 'institución', 'académica', 'es', 'una', 'conquista', 'que', 'garantiza', 'el', 'derecho', 'a', 'la', 'educación', 'para', 'quienes', 'como', 'yo', 'somos', 'hijos', 'del', 'pueblo', 'un', 'faro', 'de', 'conocimiento', 'y', 'un', 'orgullo', 'para', 'jalisco', 'y', 'el', 'país', 'feliz', 'aniversario', 'universidad', 'de', 'guadalajara']","Today we celebrate 98 years of the re -foundation of the University of Guadalajara, my alma mater. Here I forged as a doctor and, even more important, I discovered the value of solidarity and the commitment to work for the well -being of my people. UdeG is much more than an academic institution; It is a conquest that guarantees the right to education for those who, we are children of the people, a lighthouse of knowledge and a pride for Jalisco and the country. Happy anniversary, University of Guadalajara!",joy
gracias a quienes confían en mí: seguiré trabajando para estar a la altura de sus esperanzas. ¡juntas y juntos somos imparables!,"['gracias', 'a', 'quienes', 'confían', 'en', 'mí', 'seguiré', 'trabajando', 'para', 'estar', 'a', 'la', 'altura', 'de', 'sus', 'esperanzas', 'juntas', 'y', 'juntos', 'somos', 'imparables']",Thanks to those who trust me: I will continue working to live up to their hopes. Together and together we are unstoppable!,gratitude
"quien cumple su palabra, no tiene miedo del pasado, ni del futuro.","['quien', 'cumple', 'su', 'palabra', 'no', 'tiene', 'miedo', 'del', 'pasado', 'ni', 'del', 'futuro']","Who fulfills his word, is not afraid of the past, or the future.",optimism
quiero tomar un momento para agradecerles de corazón por sus palabras y comentarios tan alentadores.¡ustedes son mi motor y fuente de inspiración!,"['quiero', 'tomar', 'un', 'momento', 'para', 'agradecerles', 'de', 'corazón', 'por', 'sus', 'palabras', 'y', 'comentarios', 'tan', 'alentadores', 'ustedes', 'son', 'mi', 'motor', 'y', 'fuente', 'de', 'inspiración']",I want to take a moment to thank you from their hearts for their words and comments so encouraging. You are my engine and source of inspiration!,gratitude
caí en la tentación de subirme al . ¿qué les parece?,"['caí', 'en', 'la', 'tentación', 'de', 'subirme', 'al', 'qué', 'les', 'parece']",I fell into temptation to get to. What do you think?,curiosity
hoy tuvimos el honor de recibir a la dra.  en jalisco. su compromiso con la cuarta transformación nos llena de inspiración. ¡apoyamos su liderazgo como coordinadora de defensa de la 4t!,"['hoy', 'tuvimos', 'el', 'honor', 'de', 'recibir', 'a', 'la', 'dra', 'en', 'jalisco', 'su', 'compromiso', 'con', 'la', 'cuarta', 'transformación', 'nos', 'llena', 'de', 'inspiración', 'apoyamos', 'su', 'liderazgo', 'como', 'coordinadora', 'de', 'defensa', 'de', 'la', '4t']",Today we had the honor of receiving the Dra. in Jalisco. His commitment to the fourth transformation fills us with inspiration. We support your leadership as 4T Defense Coordinator!,caring
"saludando a una amiga de verdad, la primera mujer en ocupar la mas alta responsabilidad en méxico: la dra.  ¡ella es!","['saludando', 'a', 'una', 'amiga', 'de', 'verdad', 'la', 'primera', 'mujer', 'en', 'ocupar', 'la', 'mas', 'alta', 'responsabilidad', 'en', 'méxico', 'la', 'dra', 'ella', 'es']","Greeting a real friend, the first woman to occupy the highest responsibility in Mexico: DRA. she is!",neutral
"llevo toda mi vida sirviendo a mi comunidad, y hoy, en el distrito 4 de zapopan, recordé mis primeras visitas de trabajo social hace casi dos décadas, de la mano de jóvenes que hoy son líderes.todavía hay muchas carencias, pero vamos a luchar, con la conciencia y el corazón, para transformar a jalisco y traer el bienestar a todas las familias.","['llevo', 'toda', 'mi', 'vida', 'sirviendo', 'a', 'mi', 'comunidad', 'y', 'hoy', 'en', 'el', 'distrito', '4', 'de', 'zapopan', 'recordé', 'mis', 'primeras', 'visitas', 'de', 'trabajo', 'social', 'hace', 'casi', 'dos', 'décadas', 'de', 'la', 'mano', 'de', 'jóvenes', 'que', 'hoy', 'son', 'líderes', 'todavía', 'hay', 'muchas', 'carencias', 'pero', 'vamos', 'a', 'luchar', 'con', 'la', 'conciencia', 'y', 'el', 'corazón', 'para', 'transformar', 'a', 'jalisco', 'y', 'traer', 'el', 'bienestar', 'a', 'todas', 'las', 'familias']","I have been serving my community all my life, and today, in District 4 of Zapopan, I remembered my first social work visits almost two decades, in the hands of young people who are leaders today. There are still many shortcomings, but we will fight , with consciousness and heart, to transform Jalisco and bring well -being to all families.",realization
"las mujeres de jalisco merecen vivir libres, plenas y con dignidad. hagamos de este sueño una realidad.","['las', 'mujeres', 'de', 'jalisco', 'merecen', 'vivir', 'libres', 'plenas', 'y', 'con', 'dignidad', 'hagamos', 'de', 'este', 'suen', 'o', 'una', 'realidad']","Jalisco's women deserve to live free, full and dignity. Let's make this dream a reality.",approval
"el día de hoy tengo el honor de compartir un diálogo con militantes y simpatizantes de morena en teuchitlán. en esta reunión, les hablo sobre mi compromiso con la cuarta transformación y por qué motivo aspiro a coordinar los comités de defensa de la  en jalisco.llevo casi 20 años comprometido en esta lucha por un méxico mejor, y ahora, más que nunca, aspiro a que esta transformación llegue a nuestro estado en buenas manos.juntos, seremos el motor de la esperanza y la transformación para jalisco.","['el', 'día', 'de', 'hoy', 'tengo', 'el', 'honor', 'de', 'compartir', 'un', 'diálogo', 'con', 'militantes', 'y', 'simpatizantes', 'de', 'morena', 'en', 'teuchitlán', 'en', 'esta', 'reunión', 'les', 'hablo', 'sobre', 'mi', 'compromiso', 'con', 'la', 'cuarta', 'transformación', 'y', 'por', 'qué', 'motivo', 'aspiro', 'a', 'coordinar', 'los', 'comités', 'de', 'defensa', 'de', 'la', 'en', 'jalisco', 'llevo', 'casi', '20', 'años', 'comprometido', 'en', 'esta', 'lucha', 'por', 'un', 'méxico', 'mejor', 'y', 'ahora', 'más', 'que', 'nunca', 'aspiro', 'a', 'que', 'esta', 'transformación', 'llegue', 'a', 'nuestro', 'estado', 'en', 'buenas', 'manos', 'juntos', 'seremos', 'el', 'motor', 'de', 'la', 'esperanza', 'y', 'la', 'transformación', 'para', 'jalisco']","Today I have the honor of sharing a dialogue with MORENA militants and supporters in Teuchitlán. In this meeting, I talk about my commitment to the fourth transformation and why I aspire to coordinate the defense committees of the Jalisco. I have almost 20 years committed to this fight for a better Mexico, and now, more than ever, I aspire To this transformation reaches our state in good hands, we will be the engine of hope and transformation for Jalisco.",pride
"con perseverancia, compromiso y mucho trabajo, los sueños se cumplen.","['con', 'perseverancia', 'compromiso', 'y', 'mucho', 'trabajo', 'los', 'sueños', 'se', 'cumplen']","With perseverance, commitment and a lot of work, dreams are fulfilled.",approval
"en 2017, mi amigo y maestro andrés manuel lópez obrador escribió este libro, poniendo claro su proyecto alternativo de nación. a seis años, y listos para la siguiente transformación, sólo puedo decir:misión cumplida, presidente.","['en', '2017', 'mi', 'amigo', 'y', 'maestro', 'andrés', 'manuel', 'lópez', 'obrador', 'escribió', 'este', 'libro', 'poniendo', 'claro', 'su', 'proyecto', 'alternativo', 'de', 'nación', 'a', 'seis', 'años', 'y', 'listos', 'para', 'la', 'siguiente', 'transformación', 'sólo', 'puedo', 'decir', 'misión', 'cumplida', 'presidente']","In 2017, my friend and teacher Andrés Manuel López Obrador wrote this book, making clear his alternative nation project. Six years old, and ready for the next transformation, I can only say: Mission fulfilled, President.",optimism
"los quioscos de jalisco están llenos de historia y recuerdos.a ver, ¿cuáles reconocen de estas fotos?","['los', 'quioscos', 'de', 'jalisco', 'están', 'llenos', 'de', 'historia', 'y', 'recuerdos', 'a', 'ver', 'cuáles', 'reconocen', 'de', 'estas', 'fotos']","Jalisco kiosks are full of history and memories. Seeing, which ones do you recognize from these photos?",confusion
"con el pueblo todo, por el pueblo todo.","['con', 'el', 'pueblo', 'todo', 'por', 'el', 'pueblo', 'todo']","With the people everything, for the people everything.",neutral
no podemos cerrar los ojos ante la injusticia. la brecha salarial de género persiste y no podemos permitir que eso siga pasando.,"['no', 'podemos', 'cerrar', 'los', 'ojos', 'ante', 'la', 'injusticia', 'la', 'brecha', 'salarial', 'de', 'género', 'persiste', 'y', 'no', 'podemos', 'permitir', 'que', 'eso', 'siga', 'pasando']",We cannot close our eyes to injustice. The gender wage gap persists and we cannot allow that to continue.,realization
todo se puede lograr si trabajamos con convicción y honestidad.¡hagamos posibles nuestros sueños!,"['todo', 'se', 'puede', 'lograr', 'si', 'trabajamos', 'con', 'convicción', 'y', 'honestidad', 'hagamos', 'posibles', 'nuestros', 'sueños']",Everything can be achieved if we work with conviction and honesty. We have our dreams possible!,approval
"aquí estoy, con la cabeza en alto y el corazón encendido, a punto de alcanzar este sueño.¡vamos unidos por la esperanza! ¡vamos unidos por jalisco! ¡vamos unidos por méxico!","['aquí', 'estoy', 'con', 'la', 'cabeza', 'en', 'alto', 'y', 'el', 'corazón', 'encendido', 'a', 'punto', 'de', 'alcanzar', 'este', 'sueño', 'vamos', 'unidos', 'por', 'la', 'esperanza', 'vamos', 'unidos', 'por', 'jalisco', 'vamos', 'unidos', 'por', 'méxico']","Here I am, with my head up and the heart ignited, about to reach this dream. We are united by hope! We are united by Jalisco! We are united by Mexico!",optimism
"hoy estamos ante un proyecto que arrancamos hace 19 años; que ha soportado innumerables ataques y descalificaciones. pero nada nos ha detenido, y aquí estoy con la cabeza en alto y el corazón encendido a punto de alcanzar el sueño. la esperanza es lo que nos ha mantenido en todos estos años, luchando, trabajando y construyendo este gran movimiento de transformación que hoy exigen las y los jaliscienses. estamos preparados, estamos listos, y estamos deseosos de arrancar porque jalisco nos está llamando. hoy les anuncio que me he registrado para ser el coordinador de la defensa de la cuarta transformación en jalisco.","['hoy', 'estamos', 'ante', 'un', 'proyecto', 'que', 'arrancamos', 'hace', '19', 'años', 'que', 'ha', 'soportado', 'innumerables', 'ataques', 'y', 'descalificaciones', 'pero', 'nada', 'nos', 'ha', 'detenido', 'y', 'aquí', 'estoy', 'con', 'la', 'cabeza', 'en', 'alto', 'y', 'el', 'corazón', 'encendido', 'a', 'punto', 'de', 'alcanzar', 'el', 'sueño', 'la', 'esperanza', 'es', 'lo', 'que', 'nos', 'ha', 'mantenido', 'en', 'todos', 'estos', 'años', 'luchando', 'trabajando', 'y', 'construyendo', 'este', 'gran', 'movimiento', 'de', 'transformación', 'que', 'hoy', 'exigen', 'las', 'y', 'los', 'jaliscienses', 'estamos', 'preparados', 'estamos', 'listos', 'y', 'estamos', 'deseosos', 'de', 'arrancar', 'porque', 'jalisco', 'nos', 'está', 'llamando', 'hoy', 'les', 'anuncio', 'que', 'me', 'he', 'registrado', 'para', 'ser', 'el', 'coordinador', 'de', 'la', 'defensa', 'de', 'la', 'cuarta', 'transformación', 'en', 'jalisco']","Today we are facing a project that we started 19 years ago; which has supported innumerable attacks and disqualifications. But nothing has stopped us, and here I am with my head up and my heart ignited about to reach sleep. Hope is what has kept us in all these years, fighting, working and building this great transformation movement that the Jalisco demands today. We are prepared, we are ready, and we are eager to start because Jalisco is calling us. Today I announce that I have registered to be the coordinator of the defense of the fourth transformation in Jalisco.",approval
la honestidad es la mejor virtud que podemos heredar a nuestras hijas e hijos. ¡la verdad nos hará libres!,"['la', 'honestidad', 'es', 'la', 'mejor', 'virtud', 'que', 'podemos', 'heredar', 'a', 'nuestras', 'hijas', 'e', 'hijos', 'la', 'verdad', 'nos', 'hará', 'libres']",Honesty is the best virtue that we can inherit our daughters and sons. The truth will make us free!,approval
"guadalajara es el alma de jalisco y el corazón de méxico: el centro de una zona metropolitana con mucho potencial, pero también con muchos problemas y desigualdades.recuperemos el orgullo que nos da ser de la perla de occidente.","['guadalajara', 'es', 'el', 'alma', 'de', 'jalisco', 'y', 'el', 'corazón', 'de', 'méxico', 'el', 'centro', 'de', 'una', 'zona', 'metropolitana', 'con', 'mucho', 'potencial', 'pero', 'también', 'con', 'muchos', 'problemas', 'y', 'desigualdades', 'recuperemos', 'el', 'orgullo', 'que', 'nos', 'da', 'ser', 'de', 'la', 'perla', 'de', 'occidente']","Guadalajara is the soul of Jalisco and the heart of Mexico: the center of a metropolitan area with a lot of potential, but also with many problems and inequalities. We will receive the pride that gives us to be from the pearl of the West.",pride
"cuando se trata de defender a jalisco, no hay vuelta atrás. siempre estaré aquí, firme y sin titubeos, dispuesto a enfrentar a los malos gobiernos naranjas. ¡juntos construiremos un jalisco mejor!","['cuando', 'se', 'trata', 'de', 'defender', 'a', 'jalisco', 'no', 'hay', 'vuelta', 'atrás', 'siempre', 'estaré', 'aquí', 'firme', 'y', 'sin', 'titubeos', 'dispuesto', 'a', 'enfrentar', 'a', 'los', 'malos', 'gobiernos', 'naranjas', 'juntos', 'construiremos', 'un', 'jalisco', 'mejor']","When it comes to defending Jalisco, there is no turning back. I will always be here, firm and without hesitation, willing to face the bad orange governments. Together we will build a better Jalisco!",approval
solamente sumando esfuerzos se puede lograr el objetivo de transformar jalisco.me siento muy agradecido con el gran recibimiento y las muestras de apoyo que nos hicieron vecinas y vecinos del parque del refugio. la gente pide un cambio ¡se ve y se siente!,"['solamente', 'sumando', 'esfuerzos', 'se', 'puede', 'lograr', 'el', 'objetivo', 'de', 'transformar', 'jalisco', 'me', 'siento', 'muy', 'agradecido', 'con', 'el', 'gran', 'recibimiento', 'y', 'las', 'muestras', 'de', 'apoyo', 'que', 'nos', 'hicieron', 'vecinas', 'y', 'vecinos', 'del', 'parque', 'del', 'refugio', 'la', 'gente', 'pide', 'un', 'cambio', 'se', 've', 'y', 'se', 'siente']",Only by adding efforts can be achieved by the goal of transforming Jalisco. I feel very grateful to the great reception and the support samples made to us neighbors of the refuge park. People ask for a change. They look and feel!,gratitude
"esta transformación está avanzando en todo el país y ya nadie la detiene; es el momento de que se escuche la voz de jalisco y de quienes queremos un estado de bienestar, tranquilidad y prosperidad.¡en 2024, nuestro destino está en nuestras manos!","['esta', 'transformación', 'está', 'avanzando', 'en', 'todo', 'el', 'país', 'y', 'ya', 'nadie', 'la', 'detiene', 'es', 'el', 'momento', 'de', 'que', 'se', 'escuche', 'la', 'voz', 'de', 'jalisco', 'y', 'de', 'quienes', 'queremos', 'un', 'estado', 'de', 'bienestar', 'tranquilidad', 'y', 'prosperidad', 'en', '2024', 'nuestro', 'destino', 'está', 'en', 'nuestras', 'manos']","This transformation is advancing throughout the country and nobody stops it; It is time for Jalisco's voice to be heard and of whom we want a state of well -being, tranquility and prosperity. In 2024, our destiny is in our hands!",approval
"con tu mano y con mi mano, juntos podemos construir el jalisco que nos merecemos.¡vamos adelante!","['con', 'tu', 'mano', 'y', 'con', 'mi', 'mano', 'juntos', 'podemos', 'construir', 'el', 'jalisco', 'que', 'nos', 'merecemos', 'vamos', 'adelante']","With your hand and with my hand, together we can build the jalisco we deserve. We are going!",pride
"el día de hoy tuve la oportunidad de acompañar a mi amigo  en su segundo informe como presidente municipal de puerto vallarta. desde el inicio de su administración, el profe ha demostrado su compromiso con la gente, al poner al centro de su gobierno, los principios que definen a la cuarta transformación. ¡enhorabuena, profe!","['el', 'día', 'de', 'hoy', 'tuve', 'la', 'oportunidad', 'de', 'acompañar', 'a', 'mi', 'amigo', 'en', 'su', 'segundo', 'informe', 'como', 'presidente', 'municipal', 'de', 'puerto', 'vallarta', 'desde', 'el', 'inicio', 'de', 'su', 'administración', 'el', 'profe', 'ha', 'demostrado', 'su', 'compromiso', 'con', 'la', 'gente', 'al', 'poner', 'al', 'centro', 'de', 'su', 'gobierno', 'los', 'principios', 'que', 'definen', 'a', 'la', 'cuarta', 'transformación', 'enhorabuena', 'profe']","Today I had the opportunity to accompany my friend in his second report as municipal president of Puerto Vallarta. Since the beginning of his administration, the teacher has demonstrated his commitment to people, by putting the center of his government, the principles that define the fourth transformation. Congratulations, teacher!",admiration
los lonches del mercado corona son una joya culinaria en guadalajara. ¿ya los probaste? les prometo que les van a encantar.,"['los', 'lonches', 'del', 'mercado', 'corona', 'son', 'una', 'joya', 'culinaria', 'en', 'guadalajara', 'ya', 'los', 'probaste', 'les', 'prometo', 'que', 'les', 'van', 'a', 'encantar']",The slices of the Corona market are a culinary jewel in Guadalajara. Have you tried them? I promise you to love them.,love
nos merecemos un gobierno que sí pueda cumplir su palabra.les comparto esta reflexión:,"['nos', 'merecemos', 'un', 'gobierno', 'que', 'sí', 'pueda', 'cumplir', 'su', 'palabra', 'les', 'comparto', 'esta', 'reflexión']",We deserve a government that can fulfill your word. I share this reflection:,approval
"siempre he luchado y trabajado por mis sueños, pero no lo he hecho solo, he estado acompañado de grandes personas que me han ayudado a conseguirlos.les comparto la segunda parte del  con mi amigo el dr. óscar lomelí.","['siempre', 'he', 'luchado', 'y', 'trabajado', 'por', 'mis', 'sueños', 'pero', 'no', 'lo', 'he', 'hecho', 'solo', 'he', 'estado', 'acompañado', 'de', 'grandes', 'personas', 'que', 'me', 'han', 'ayudado', 'a', 'conseguirlos', 'les', 'comparto', 'la', 'segunda', 'parte', 'del', 'con', 'mi', 'amigo', 'el', 'dr', 'óscar', 'lomelí']","I have always fought and worked for my dreams, but I have not done it alone, I have been accompanied by great people who have helped me to get them. I share the second part of my friend Dr. Óscar Lomelí.",admiration
"esta mañana participé en la tercera sesión ordinaria del consejo nacional morena, donde se entregó la constancia que acredita a mi amiga  como la coordinadora de los comités de defensa de la 4t.en ese contexto, claudia nos instó a establecer comités de defensa en todo el país para lograr la unidad y promover los logros del gobierno del presidente . en  tenemos un arduo trabajo por delante y continuaremos construyendo un mejor futuro para el país.","['esta', 'mañana', 'participé', 'en', 'la', 'tercera', 'sesión', 'ordinaria', 'del', 'consejo', 'nacional', 'morena', 'donde', 'se', 'entregó', 'la', 'constancia', 'que', 'acredita', 'a', 'mi', 'amiga', 'como', 'la', 'coordinadora', 'de', 'los', 'comités', 'de', 'defensa', 'de', 'la', '4t', 'en', 'ese', 'contexto', 'claudia', 'nos', 'instó', 'a', 'establecer', 'comités', 'de', 'defensa', 'en', 'todo', 'el', 'país', 'para', 'lograr', 'la', 'unidad', 'y', 'promover', 'los', 'logros', 'del', 'gobierno', 'del', 'presidente', 'en', 'tenemos', 'un', 'arduo', 'trabajo', 'por', 'delante', 'y', 'continuaremos', 'construyendo', 'un', 'mejor', 'futuro', 'para', 'el', 'país']","This morning I participated in the third ordinary session of the Morena National Council, where the record that accredits my friend as the coordinator of the 4T Defense Committees was delivered. In that context, Claudia urged us to establish defense committees throughout the country to achieve unity and promote the achievements of the president's government. In we have hard work ahead and we will continue to build a better future for the country.",optimism
¡listo para acompañar a nuestra compañera  en el consejo nacional de morena!,"['listo', 'para', 'acompañar', 'a', 'nuestra', 'compañera', 'en', 'el', 'consejo', 'nacional', 'de', 'morena']",Ready to accompany our partner in the National Council of Morena!,approval
"hoy conmemoramos el natalicio de francisco i. madero, una verdadera inspiración para nuestro movimiento. su legado nos trajo mejoras en la atención médica, educación y derechos laborales. promovió la libertad de prensa y la participación democrática en la política. sigamos su ejemplo y defendamos esos ideales para tener un méxico más justo y libre para todas y todos.","['hoy', 'conmemoramos', 'el', 'natalicio', 'de', 'francisco', 'i', 'madero', 'una', 'verdadera', 'inspiración', 'para', 'nuestro', 'movimiento', 'su', 'legado', 'nos', 'trajo', 'mejoras', 'en', 'la', 'atención', 'médica', 'educación', 'y', 'derechos', 'laborales', 'promovió', 'la', 'libertad', 'de', 'prensa', 'y', 'la', 'participación', 'democrática', 'en', 'la', 'política', 'sigamos', 'su', 'ejemplo', 'y', 'defendamos', 'esos', 'ideales', 'para', 'tener', 'un', 'méxico', 'más', 'justo', 'y', 'libre', 'para', 'todas', 'y', 'todos']","Today we commemorate the birth of Francisco i. Madero, a true inspiration for our movement. His legacy brought us improvements in medical care, education and labor rights. He promoted freedom of the press and democratic participation in politics. Let's follow your example and defend those ideals to have a more fair and free Mexico for everyone.",realization
"en todos estos años, he tenido el privilegio de recorrer cada rincón de jalisco, de conocer a su gente, sus sueños, y sus desafíos. gracias al esfuerzo y compromiso que hemos tenido, nos hemos ganado el cariño y la amistad de personas maravillosas. ¡gracias por su confianza!","['en', 'todos', 'estos', 'años', 'he', 'tenido', 'el', 'privilegio', 'de', 'recorrer', 'cada', 'rincón', 'de', 'jalisco', 'de', 'conocer', 'a', 'su', 'gente', 'sus', 'sueños', 'y', 'sus', 'desafíos', 'gracias', 'al', 'esfuerzo', 'y', 'compromiso', 'que', 'hemos', 'tenido', 'nos', 'hemos', 'ganado', 'el', 'cariño', 'y', 'la', 'amistad', 'de', 'personas', 'maravillosas', 'gracias', 'por', 'su', 'confianza']","In all these years, I have had the privilege of traveling every corner of Jalisco, to meet its people, their dreams, and their challenges. Thanks to the effort and commitment we have had, we have earned the love and friendship of wonderful people. Thank you for your trust!",admiration
"mi compromiso es estar cerca de ustedes. cada foto representa una historia, un momento compartido. cada apretón de manos, cada sonrisa, es una razón más que me impulsa a seguir en este camino. esto lo logramos juntas y juntos.","['mi', 'compromiso', 'es', 'estar', 'cerca', 'de', 'ustedes', 'cada', 'foto', 'representa', 'una', 'historia', 'un', 'momento', 'compartido', 'cada', 'apretón', 'de', 'manos', 'cada', 'sonrisa', 'es', 'una', 'razón', 'más', 'que', 'me', 'impulsa', 'a', 'seguir', 'en', 'este', 'camino', 'esto', 'lo', 'logramos', 'juntas', 'y', 'juntos']","My commitment is to be close to you. Each photo represents a story, a shared moment. Each handshake, every smile, is one more reason that drives me to continue on this path. We achieved this together and together.",joy
"me considero un líder capaz, comprometido y valiente. alguien que conoce de cerca los desafíos que enfrentamos. alguien que no retrocede ante las dificultades, por el contrario, las encaro con determinación, porque el cariño de ustedes son el motor que me impulsa a seguir adelante. ¡la unión hace la fuerza!","['me', 'considero', 'un', 'líder', 'capaz', 'comprometido', 'y', 'valiente', 'alguien', 'que', 'conoce', 'de', 'cerca', 'los', 'desafíos', 'que', 'enfrentamos', 'alguien', 'que', 'no', 'retrocede', 'ante', 'las', 'dificultades', 'por', 'el', 'contrario', 'las', 'encaro', 'con', 'determinación', 'porque', 'el', 'cariño', 'de', 'ustedes', 'son', 'el', 'motor', 'que', 'me', 'impulsa', 'a', 'seguir', 'adelante', 'la', 'unión', 'hace', 'la', 'fuerza']","I consider myself a capable, committed and brave leader. Someone who knows closely the challenges we face. Someone who does not go back to the difficulties, on the contrary, I take them with determination, because your love is the engine that drives me to move on. Union make force!",admiration
"agradezco infinitamente el apoyo de quienes como yo, anhelan que la 4t llegue a jalisco. ¡vamos juntas y juntos en este sueño!","['agradezco', 'infinitamente', 'el', 'apoyo', 'de', 'quienes', 'como', 'yo', 'anhelan', 'que', 'la', '4t', 'llegue', 'a', 'jalisco', 'vamos', 'juntas', 'y', 'juntos', 'en', 'este', 'sueño']","I infinitely appreciate the support of those who like me, yearn to get the 4T to Jalisco. Let's go together and together in this dream!",admiration
"en el salto encontramos amistad, confianza y apoyo para defender juntas y juntos la 4t en jalisco. gracias por estar a nuestro lado, su confianza y cariño son nuestro motor. ¡hagamos historia en jalisco","['en', 'el', 'salto', 'encontramos', 'amistad', 'confianza', 'y', 'apoyo', 'para', 'defender', 'juntas', 'y', 'juntos', 'la', '4t', 'en', 'jalisco', 'gracias', 'por', 'estar', 'a', 'nuestro', 'lado', 'su', 'confianza', 'y', 'cariño', 'son', 'nuestro', 'motor', 'hagamos', 'historia', 'en', 'jalisco']","In the jump we find friendship, trust and support to defend together and together the 4T in Jalisco. Thank you for being by our side, your trust and affection are our engine. Let's make history in Jalisco",gratitude
"la honestidad me ha llevado a ganarme el respeto y cariño de las personas. no tomo a la ligera sus palabras, aquí, lo que se promete, ¡se cumple!","['la', 'honestidad', 'me', 'ha', 'llevado', 'a', 'ganarme', 'el', 'respeto', 'y', 'cariño', 'de', 'las', 'personas', 'no', 'tomo', 'a', 'la', 'ligera', 'sus', 'palabras', 'aquí', 'lo', 'que', 'se', 'promete', 'se', 'cumple']","Honesty has led me to win the respect and affection of people. I do not take his words lightly, here, what is promised, is fulfilled!",optimism
"me llena de felicidad voltear al pasado y recordar mis inicios en morena, siempre impulsados por la honestidad, el respeto y el compromiso con el pueblo.¡gracias a todos quienes me han acompañado en este camino! estamos en la recta final de un largo recorrido en el que hemos trabajado mucho, pero estoy convencido de que nos esperan cosas realmente grandes.","['me', 'llena', 'de', 'felicidad', 'voltear', 'al', 'pasado', 'y', 'recordar', 'mis', 'inicios', 'en', 'morena', 'siempre', 'impulsados', 'por', 'la', 'honestidad', 'el', 'respeto', 'y', 'el', 'compromiso', 'con', 'el', 'pueblo', 'gracias', 'a', 'todos', 'quienes', 'me', 'han', 'acompañado', 'en', 'este', 'camino', 'estamos', 'en', 'la', 'recta', 'final', 'de', 'un', 'largo', 'recorrido', 'en', 'el', 'que', 'hemos', 'trabajado', 'mucho', 'pero', 'estoy', 'convencido', 'de', 'que', 'nos', 'esperan', 'cosas', 'realmente', 'grandes']","It fills me with happiness to turn to the past and remember my beginnings in Morena, always driven by honesty, respect and commitment to the people. Thank you all those who have accompanied me in this path! We are in the final stretch of a long journey in which we have worked hard, but I am convinced that really great things await us.",gratitude
"tuve el honor de pasar un momento muy especial en tlajomulco, donde compartí con cientos de personas las razones por las que aspiro a ser el coordinador de los comités de las defensa de la 4t en jalisco.gracias por su recibimiento y amistad. ¡juntas y juntos haremos que la transformación llegue a jalisco!","['tuve', 'el', 'honor', 'de', 'pasar', 'un', 'momento', 'muy', 'especial', 'en', 'tlajomulco', 'donde', 'compartí', 'con', 'cientos', 'de', 'personas', 'las', 'razones', 'por', 'las', 'que', 'aspiro', 'a', 'ser', 'el', 'coordinador', 'de', 'los', 'comités', 'de', 'las', 'defensa', 'de', 'la', '4t', 'en', 'jalisco', 'gracias', 'por', 'su', 'recibimiento', 'y', 'amistad', 'juntas', 'y', 'juntos', 'haremos', 'que', 'la', 'transformación', 'llegue', 'a', 'jalisco']","I had the honor of spending a very special moment in Tlajomulco, where I shared with hundreds of people the reasons why I aspire to be the coordinator of the 4T defense committees in Jalisco. Thank you for their reception and friendship. Together and together we will make the transformation reach Jalisco!",gratitude
"desde inicios de mi carrera, mi objetivo siempre ha sido ayudar a las personas que más lo necesitan. ¡muchas gracias a quienes me han acompañado en este camino! todavía falta mucho por recorrer, pero estoy convencido de que vienen cosas muy grandes.","['desde', 'inicios', 'de', 'mi', 'carrera', 'mi', 'objetivo', 'siempre', 'ha', 'sido', 'ayudar', 'a', 'las', 'personas', 'que', 'más', 'lo', 'necesitan', 'muchas', 'gracias', 'a', 'quienes', 'me', 'han', 'acompañado', 'en', 'este', 'camino', 'todavía', 'falta', 'mucho', 'por', 'recorrer', 'pero', 'estoy', 'convencido', 'de', 'que', 'vienen', 'cosas', 'muy', 'grandes']","Since the beginning of my career, my goal has always been to help the people who need it most. Thank you very much to those who have accompanied me on this path! There is still much to go, but I am convinced that very big things come.",gratitude
"hoy, nuestra compañera   rindió su segundo informe como diputada de jalisco. quiero expresar mi profunda admiración por sus incansables esfuerzos en la lucha por la igualdad y la justicia social.maría es un ejemplo de valentía y compromiso para todas y todos. ¡todo nuestro apoyo en tu segundo informe!","['hoy', 'nuestra', 'compañera', 'rindió', 'su', 'segundo', 'informe', 'como', 'diputada', 'de', 'jalisco', 'quiero', 'expresar', 'mi', 'profunda', 'admiración', 'por', 'sus', 'incansables', 'esfuerzos', 'en', 'la', 'lucha', 'por', 'la', 'igualdad', 'y', 'la', 'justicia', 'social', 'maría', 'es', 'un', 'ejemplo', 'de', 'valentía', 'y', 'compromiso', 'para', 'todas', 'y', 'todos', 'todo', 'nuestro', 'apoyo', 'en', 'tu', 'segundo', 'informe']","Today, our partner gave his second report as deputy of Jalisco. I want to express my deep admiration for its tireless efforts in the struggle for equality and social justice. María is an example of courage and commitment to all. All our support in your second report!",admiration
"hoy, como cada 25 del mes, conmemoramos el día para generar conciencia y prevenir la violencia contra mujeres y niñas. es un día para reflexionar sobre nuestras acciones.juntas y juntos, hagamos un llamado a la paz y al respeto, ¡hoy y todos los días!","['hoy', 'como', 'cada', '25', 'del', 'mes', 'conmemoramos', 'el', 'día', 'para', 'generar', 'conciencia', 'y', 'prevenir', 'la', 'violencia', 'contra', 'mujeres', 'y', 'niñas', 'es', 'un', 'día', 'para', 'reflexionar', 'sobre', 'nuestras', 'acciones', 'juntas', 'y', 'juntos', 'hagamos', 'un', 'llamado', 'a', 'la', 'paz', 'y', 'al', 'respeto', 'hoy', 'y', 'todos', 'los', 'días']","Today, as every 25 of the month, we commemorate the day to raise awareness and prevent violence against women and girls. It is a day to reflect on our actions.Juntas and together, let's make a call to peace and respect, today and every day!",joy
"han sido casi 20 años de lucha, esfuerzo y dedicación. somos tercos, y para lograr una verdadera transformación, se requiere carácter y valentía. es un honor estar con ustedes y recibir tanto cariño. ¡esto lo hacemos juntos!","['han', 'sido', 'casi', '20', 'años', 'de', 'lucha', 'esfuerzo', 'y', 'dedicación', 'somos', 'tercos', 'y', 'para', 'lograr', 'una', 'verdadera', 'transformación', 'se', 'requiere', 'carácter', 'y', 'valentía', 'es', 'un', 'honor', 'estar', 'con', 'ustedes', 'y', 'recibir', 'tanto', 'cariño', 'esto', 'lo', 'hacemos', 'juntos']","There have been almost 20 years of struggle, effort and dedication. We are third, and to achieve a true transformation, character and courage is required. It is an honor to be with you and receive so much love. We do this together!",joy
mi único camino es la honestidad y el amor por nuestra gente.,"['mi', 'único', 'camino', 'es', 'la', 'honestidad', 'y', 'el', 'amor', 'por', 'nuestra', 'gente']",My only way is honesty and love for our people.,approval
"para quienes tenemos esta vocación y dedicamos nuestra vida a esta hermosa profesión, sabemos que ser médico va más allá de tener un título; es un compromiso, una promesa de cuidar la salud y el bienestar de las personas.en este día del médico, celebremos la valentía, el compromiso y los valores humanos que cada médico aporta a la sociedad. a todos mis colegas, ¡feliz día!","['para', 'quienes', 'tenemos', 'esta', 'vocación', 'y', 'dedicamos', 'nuestra', 'vida', 'a', 'esta', 'hermosa', 'profesión', 'sabemos', 'que', 'ser', 'médico', 'va', 'más', 'allá', 'de', 'tener', 'un', 'título', 'es', 'un', 'compromiso', 'una', 'promesa', 'de', 'cuidar', 'la', 'salud', 'y', 'el', 'bienestar', 'de', 'las', 'personas', 'en', 'este', 'día', 'del', 'médico', 'celebremos', 'la', 'valentía', 'el', 'compromiso', 'y', 'los', 'valores', 'humanos', 'que', 'cada', 'médico', 'aporta', 'a', 'la', 'sociedad', 'a', 'todos', 'mis', 'colegas', 'feliz', 'día']","For those of us who have this vocation and dedicate our life to this beautiful profession, we know that being a doctor goes beyond having a title; It is a commitment, a promise to take care of the health and well -being of people. To all my colleagues, happy day!",caring
"los grandes resultados se logran cuando trabajamos juntos, en equipo, con valores sólidos y un compromiso inquebrantable por el bienestar de jalisco y de sus habitantes. sigamos construyendo un mejor futuro para todas y todos.","['los', 'grandes', 'resultados', 'se', 'logran', 'cuando', 'trabajamos', 'juntos', 'en', 'equipo', 'con', 'valores', 'sólidos', 'y', 'un', 'compromiso', 'inquebrantable', 'por', 'el', 'bienestar', 'de', 'jalisco', 'y', 'de', 'sus', 'habitantes', 'sigamos', 'construyendo', 'un', 'mejor', 'futuro', 'para', 'todas', 'y', 'todos']","The great results are achieved when we work together, as a team, with solid values ​​and an unwavering commitment for the well -being of Jalisco and its inhabitants. Let's continue building a better future for everyone.",admiration
llevo 20 años caminando los senderos de jalisco y cada día estoy más orgulloso de ser de aquí.,"['llevo', '20', 'años', 'caminando', 'los', 'senderos', 'de', 'jalisco', 'y', 'cada', 'día', 'estoy', 'más', 'orgulloso', 'de', 'ser', 'de', 'aquí']",I have been walking the paths of Jalisco for 20 years and every day I am more proud to be from here.,pride
resolvamos esto de una vez por todas. ¿cuáles son las mejores tortas ahogadas de guadalajara?,"['resolvamos', 'esto', 'de', 'una', 'vez', 'por', 'todas', 'cuáles', 'son', 'las', 'mejores', 'tortas', 'ahogadas', 'de', 'guadalajara']",Let's solve this once and for all. What are the best drowned cakes in Guadalajara?,curiosity
hoy me di una vuelta por el hermoso barrio de mexicaltzingo para saborear una deliciosa torta ahogada de “don josé el de la bicicleta”. ¿gustan?,"['hoy', 'me', 'di', 'una', 'vuelta', 'por', 'el', 'hermoso', 'barrio', 'de', 'mexicaltzingo', 'para', 'saborear', 'una', 'deliciosa', 'torta', 'ahogada', 'de', 'don', 'josé', 'el', 'de', 'la', 'bicicleta', 'gustan']","Today I turned around the beautiful neighborhood of Mexicaltzingo to savor a delicious cake drowned by ""Don José el de la Bicycle"". Like?",curiosity
"profundamente agradecido con el cariño y apoyo que me han brindado hoy en tlaquepaque, para poder lograr ser el coordinador de los comités de la defensa de la 4t en jalisco. ¡amor con amor se paga!","['profundamente', 'agradecido', 'con', 'el', 'cariño', 'y', 'apoyo', 'que', 'me', 'han', 'brindado', 'hoy', 'en', 'tlaquepaque', 'para', 'poder', 'lograr', 'ser', 'el', 'coordinador', 'de', 'los', 'comités', 'de', 'la', 'defensa', 'de', 'la', '4t', 'en', 'jalisco', 'amor', 'con', 'amor', 'se', 'paga']","Deeply grateful to the love and support they have given me today in Tlaquepaque, in order to be able to be the coordinator of the 4T Defense Committees in Jalisco. Love with love is paid!",gratitude
las mujeres de méxico ya han roto el techo de cristal. quienes militamos en este movimiento seguiremos apoyando su derecho a alcanzar sus aspiraciones y sueños.,"['las', 'mujeres', 'de', 'méxico', 'ya', 'han', 'roto', 'el', 'techo', 'de', 'cristal', 'quienes', 'militamos', 'en', 'este', 'movimiento', 'seguiremos', 'apoyando', 'su', 'derecho', 'a', 'alcanzar', 'sus', 'aspiraciones', 'y', 'sueños']",The women of Mexico have already broken the glass roof. Those of us who militate in this movement will continue to support their right to achieve their aspirations and dreams.,approval
"“cuando uno sale del barrio, pero el barrio no sale de ti”cascarita mañanera antes de entrar a entrevista con","['cuando', 'uno', 'sale', 'del', 'barrio', 'pero', 'el', 'barrio', 'no', 'sale', 'de', 'ti', 'cascarita', 'mañanera', 'antes', 'de', 'entrar', 'a', 'entrevista', 'con']","""When you leave the neighborhood, but the neighborhood does not leave you"" Cascarita Mañanera before entering an interview with",neutral
"en el día internacional de la lucha contra el cáncer de mama, como médico y ser humano, quiero unirme a esta causa crucial. admiro profundamente la valentía de quienes enfrentan esta batalla. la detección temprana es esencial en esta lucha. invito a todas las jaliscienses a cuidar de su salud y programar revisiones regulares. ¡y juntos luchamos contra esa enfermedad!","['en', 'el', 'día', 'internacional', 'de', 'la', 'lucha', 'contra', 'el', 'cáncer', 'de', 'mama', 'como', 'médico', 'y', 'ser', 'humano', 'quiero', 'unirme', 'a', 'esta', 'causa', 'crucial', 'admiro', 'profundamente', 'la', 'valentía', 'de', 'quienes', 'enfrentan', 'esta', 'batalla', 'la', 'detección', 'temprana', 'es', 'esencial', 'en', 'esta', 'lucha', 'invito', 'a', 'todas', 'las', 'jaliscienses', 'a', 'cuidar', 'de', 'su', 'salud', 'y', 'programar', 'revisiones', 'regulares', 'y', 'juntos', 'luchamos', 'contra', 'esa', 'enfermedad']","On the International Day of the Fight against Breast Cancer, as a doctor and human being, I want to join this crucial cause. I deeply admire the courage of those who face this battle. Early detection is essential in this fight. I invite all Jalisco to take care of their health and schedule regular reviews. And together we fight that disease!",admiration
"quiero agradecer de corazón a la dra. claudia sheinbaum  por ser parte de mi libro. su historia es una inspiración: desde sus días como una estudiante comprometida y una oradora apasionada, hasta su papel crucial en las luchas estudiantiles de los años 70 y 80. claudia es un verdadero ejemplo de capacidad y dedicación. admiro profundamente su liderazgo y su incansable esfuerzo en favor del pueblo. como bien menciona arturo cano en su libro: '¡con personas como claudia, sabemos que es posible!'. sigamos trabajando juntos para un méxico mejor.","['quiero', 'agradecer', 'de', 'corazón', 'a', 'la', 'dra', 'claudia', 'sheinbaum', 'por', 'ser', 'parte', 'de', 'mi', 'libro', 'su', 'historia', 'es', 'una', 'inspiración', 'desde', 'sus', 'días', 'como', 'una', 'estudiante', 'comprometida', 'y', 'una', 'oradora', 'apasionada', 'hasta', 'su', 'papel', 'crucial', 'en', 'las', 'luchas', 'estudiantiles', 'de', 'los', 'años', '70', 'y', '80', 'claudia', 'es', 'un', 'verdadero', 'ejemplo', 'de', 'capacidad', 'y', 'dedicación', 'admiro', 'profundamente', 'su', 'liderazgo', 'y', 'su', 'incansable', 'esfuerzo', 'en', 'favor', 'del', 'pueblo', 'como', 'bien', 'menciona', 'arturo', 'cano', 'en', 'su', 'libro', 'con', 'personas', 'como', 'claudia', 'sabemos', 'que', 'es', 'posible', 'sigamos', 'trabajando', 'juntos', 'para', 'un', 'méxico', 'mejor']","I want to thank Dra. Claudia Sheinbaum for being part of my book. His story is an inspiration: from his days as a committed student and a passionate speaker, to his crucial role in the student struggles of the 70s and 80s. Claudia is a true example of capacity and dedication. I deeply admire his leadership and his tireless effort in favor of the people. As Arturo Cano mentions in his book: 'With people like Claudia, we know it is possible!' Let's continue working together for a better Mexico.",admiration
"trabajo todos los días para cumplirle a la gente, que me da el regalo más valioso: su confianza y amistad.","['trabajo', 'todos', 'los', 'días', 'para', 'cumplirle', 'a', 'la', 'gente', 'que', 'me', 'da', 'el', 'regalo', 'más', 'valioso', 'su', 'confianza', 'y', 'amistad']","I work every day to fulfill people, who gives me the most valuable gift: their trust and friendship.",gratitude
los sonidos de jalisco enamoran a todo méxico. ¡viva jalisco! ¡viva el mariachi!,"['los', 'sonidos', 'de', 'jalisco', 'enamoran', 'a', 'todo', 'méxico', 'viva', 'jalisco', 'viva', 'el', 'mariachi']",Jalisco's sounds fall in love with all of Mexico. Long live Jalisco! Long live the Mariachi!,neutral
alguna vez mi madre me dijo que la confianza es difícil de ganar porque se sostiene con nuestro diario actuar. veamos este nuevo día como una oportunidad para estar a la altura de nuestros dichos.,"['alguna', 'vez', 'mi', 'madre', 'me', 'dijo', 'que', 'la', 'confianza', 'es', 'difícil', 'de', 'ganar', 'porque', 'se', 'sostiene', 'con', 'nuestro', 'diario', 'actuar', 'veamos', 'este', 'nuevo', 'día', 'como', 'una', 'oportunidad', 'para', 'estar', 'a', 'la', 'altura', 'de', 'nuestros', 'dichos']",Once my mother told me that trust is difficult to win because it is sustained with our newspaper acting. Let's see this new day as an opportunity to live up to our sayings.,optimism
"para ganarse el respeto y la confianza de las personas, hay que trabajar con honestidad e integridad.agradezco profundamente a todos los que me acompañan en esta ardua labor. ¡les deseo un excelente inicio de semana a todas y todos!","['para', 'ganarse', 'el', 'respeto', 'y', 'la', 'confianza', 'de', 'las', 'personas', 'hay', 'que', 'trabajar', 'con', 'honestidad', 'e', 'integridad', 'agradezco', 'profundamente', 'a', 'todos', 'los', 'que', 'me', 'acompañan', 'en', 'esta', 'ardua', 'labor', 'les', 'deseo', 'un', 'excelente', 'inicio', 'de', 'semana', 'a', 'todas', 'y', 'todos']","To earn people's respect and trust, you have to work with honesty and integrity. I wish you all of the week to all of the week!",desire
