,texto,tokens,texto_preprocesado,bigramas_spacy,texto_lematizado,polaridad
2,para ganarse el respeto y la confianza de las personas hay que trabajar con honestidad e integridadagradezco profundamente a todos los que me acompañan en esta ardua labor les deseo un excelente inicio de semana a todas y todos,"['ganarse', 'respeto', 'confianza', 'personas', 'trabajar', 'honestidad', 'integridadagradezco', 'profundamente', 'acompañan', 'ardua', 'labor', 'deseo', 'excelente', 'inicio', 'semana', 'todas']","['ganar él', 'respeto', 'confianza', 'persona', 'trabajar', 'honestidad', 'integridadagradezco', 'profundamente', 'acompañar', 'ardua', 'labor', 'desear', 'excelente', 'inicio', 'semana']","[('para', 'ganarse'), ('ganarse', 'el'), ('el', 'respeto'), ('respeto', 'y'), ('y', 'la'), ('la', 'confianza'), ('confianza', 'de'), ('de', 'las'), ('las', 'personas'), ('personas', 'hay'), ('hay', 'que'), ('que', 'trabajar'), ('trabajar', 'con'), ('con', 'honestidad'), ('honestidad', 'e'), ('e', 'integridadagradezco'), ('integridadagradezco', 'profundamente'), ('profundamente', 'a'), ('a', 'todos'), ('todos', 'los'), ('los', 'que'), ('que', 'me'), ('me', 'acompañan'), ('acompañan', 'en'), ('en', 'esta'), ('esta', 'ardua'), ('ardua', 'labor'), ('labor', 'les'), ('les', 'deseo'), ('deseo', 'un'), ('un', 'excelente'), ('excelente', 'inicio'), ('inicio', 'de'), ('de', 'semana'), ('semana', 'a'), ('a', 'todas'), ('todas', 'y'), ('y', 'todos')]",para ganar él el respeto y el confianza de el persona haber que trabajar con honestidad e integridadagradezco profundamente a todo el que yo acompañar en este ardua labor él desear uno excelente inicio de semana a todo y todo,0.02139741020808396
6,en tepa y todos los altos hay gente trabajadora buena y dedicada que con o sin apoyo han sabido construir una de las regiones más fértiles y productivas de méxico y de toda américa gracias por recibirme este domingo,"['tepa', 'altos', 'gente', 'trabajadora', 'buena', 'dedicada', 'apoyo', 'sabido', 'construir', 'regiones', 'fértiles', 'productivas', 'méxico', 'toda', 'américa', 'gracias', 'recibirme', 'domingo']","['tepa', 'alto', 'gente', 'trabajador', 'dedicado', 'apoyo', 'saber', 'construir', 'región', 'fértil', 'productivo', 'méxico', 'américa', 'gracia', 'recibir yo', 'domingo']","[('en', 'tepa'), ('tepa', 'y'), ('y', 'todos'), ('todos', 'los'), ('los', 'altos'), ('altos', 'hay'), ('hay', 'gente'), ('gente', 'trabajadora'), ('trabajadora', 'buena'), ('buena', 'y'), ('y', 'dedicada'), ('dedicada', 'que'), ('que', 'con'), ('con', 'o'), ('o', 'sin'), ('sin', 'apoyo'), ('apoyo', 'han'), ('han', 'sabido'), ('sabido', 'construir'), ('construir', 'una'), ('una', 'de'), ('de', 'las'), ('las', 'regiones'), ('regiones', 'más'), ('más', 'fértiles'), ('fértiles', 'y'), ('y', 'productivas'), ('productivas', 'de'), ('de', 'méxico'), ('méxico', 'y'), ('y', 'de'), ('de', 'toda'), ('toda', 'américa'), ('américa', 'gracias'), ('gracias', 'por'), ('por', 'recibirme'), ('recibirme', 'este'), ('este', 'domingo')]",en tepa y todo el alto haber gente trabajador buen y dedicado que con o sin apoyo haber saber construir uno de el región más fértil y productivo de méxico y de todo américa gracia por recibir yo este domingo,0.0016864728771875167
8,carlosdelvallemx,['carlosdelvallemx'],['carlosdelvallemx'],[],carlosdelvallemx,0.49789225920557484
9,conocer de cerca a la gente y sus historias me motiva y me llena de vida es un privilegio estar y compartir con ustedes gracias por inspirarme todos los días,"['conocer', 'cerca', 'gente', 'historias', 'motiva', 'llena', 'vida', 'privilegio', 'compartir', 'ustedes', 'gracias', 'inspirarme', 'días']","['cerca', 'gente', 'historia', 'motivar', 'llenar', 'vida', 'privilegio', 'compartir', 'gracia', 'inspirarmir']","[('conocer', 'de'), ('de', 'cerca'), ('cerca', 'a'), ('a', 'la'), ('la', 'gente'), ('gente', 'y'), ('y', 'sus'), ('sus', 'historias'), ('historias', 'me'), ('me', 'motiva'), ('motiva', 'y'), ('y', 'me'), ('me', 'llena'), ('llena', 'de'), ('de', 'vida'), ('vida', 'es'), ('es', 'un'), ('un', 'privilegio'), ('privilegio', 'estar'), ('estar', 'y'), ('y', 'compartir'), ('compartir', 'con'), ('con', 'ustedes'), ('ustedes', 'gracias'), ('gracias', 'por'), ('por', 'inspirarme'), ('inspirarme', 'todos'), ('todos', 'los'), ('los', 'días')]",conocer de cerca a el gente y su historia yo motivar y yo llenar de vida ser uno privilegio estar y compartir con tú gracia por inspirarmir todo el día,0.0018562509325883122
12,si ustedes están conmigo quién puede contra nosotros,"['ustedes', 'conmigo', 'quién', 'puede']",[],"[('si', 'ustedes'), ('ustedes', 'están'), ('están', 'conmigo'), ('conmigo', 'quién'), ('quién', 'puede'), ('puede', 'contra'), ('contra', 'nosotros')]",si tú estar yo quién poder contra yo,0.06963267538823151
14,carlosdelvallemx,['carlosdelvallemx'],['carlosdelvallemx'],[],carlosdelvallemx,0.49789225920557484
15,unidos por la transformación comprometidos con la 4t en jalisco la unidad se fundamenta en los principios de morena la organización la movilización y la suma de todas las voluntadescon nuestras causas y morena por encima de todo somos invencibles en jaliscocreemos en un méxico y un jalisco más justo y equitativo,"['unidos', 'transformación', 'comprometidos', 'jalisco', 'unidad', 'fundamenta', 'principios', 'morena', 'organización', 'movilización', 'suma', 'todas', 'voluntadescon', 'causas', 'morena', 'encima', 'invencibles', 'jaliscocreemos', 'méxico', 'jalisco', 'justo', 'equitativo']","['unido', 'transformación', 'comprometido', 't', 'jalisco', 'unidad', 'fundamentar', 'principio', 'morena', 'organización', 'movilización', 'suma', 'voluntadescon', 'causa', 'morén', 'invencible', 'jaliscocreemos', 'méxico', 'jalisco', 'justo', 'equitativo']","[('unidos', 'por'), ('por', 'la'), ('la', 'transformación'), ('transformación', 'comprometidos'), ('comprometidos', 'con'), ('con', 'la'), ('la', '4'), ('4', 't'), ('t', 'en'), ('en', 'jalisco'), ('jalisco', 'la'), ('la', 'unidad'), ('unidad', 'se'), ('se', 'fundamenta'), ('fundamenta', 'en'), ('en', 'los'), ('los', 'principios'), ('principios', 'de'), ('de', 'morena'), ('morena', 'la'), ('la', 'organización'), ('organización', 'la'), ('la', 'movilización'), ('movilización', 'y'), ('y', 'la'), ('la', 'suma'), ('suma', 'de'), ('de', 'todas'), ('todas', 'las'), ('las', 'voluntadescon'), ('voluntadescon', 'nuestras'), ('nuestras', 'causas'), ('causas', 'y'), ('y', 'morena'), ('morena', 'por'), ('por', 'encima'), ('encima', 'de'), ('de', 'todo'), ('todo', 'somos'), ('somos', 'invencibles'), ('invencibles', 'en'), ('en', 'jaliscocreemos'), ('jaliscocreemos', 'en'), ('en', 'un'), ('un', 'méxico'), ('méxico', 'y'), ('y', 'un'), ('un', 'jalisco'), ('jalisco', 'más'), ('más', 'justo'), ('justo', 'y'), ('y', 'equitativo')]",unido por el transformación comprometido con el 4 t en jalisco el unidad él fundamentar en el principio de morena el organización el movilización y el suma de todo el voluntadescon nuestro causa y morén por encima de todo ser invencible en jaliscocreemos en uno méxico y uno jalisco más justo y equitativo,0.2856385508636069
18,hoy celebramos 98 años de la refundación de la universidad de guadalajara  mi alma máter aquí me forjé como médico y aún más importante descubrí el valor de la solidaridad y el compromiso de trabajar por el bienestar de mi gentela udeg es mucho más que una institución académica es una conquista que garantiza el derecho a la educación para quienes como yo somos hijos del pueblo un faro de conocimiento y un orgullo para jalisco y el país feliz aniversario universidad de guadalajara,"['celebramos', 'años', 'refundación', 'universidad', 'guadalajara', 'alma', 'máter', 'forjé', 'médico', 'aún', 'importante', 'descubrí', 'valor', 'solidaridad', 'compromiso', 'trabajar', 'bienestar', 'gentela', 'udeg', 'institución', 'académica', 'conquista', 'garantiza', 'derecho', 'educación', 'hijos', 'pueblo', 'faro', 'conocimiento', 'orgullo', 'jalisco', 'país', 'feliz', 'aniversario', 'universidad', 'guadalajara']","['celebrir', 'año', 'refundación', 'universidad', 'guadalajara', 'alma', 'máter', 'forjé', 'médico', 'importante', 'descubrí', 'valor', 'solidaridad', 'compromiso', 'trabajar', 'bienestar', 'gentela', 'udeg', 'institución', 'académico', 'conquista', 'garantizar', 'derecho', 'educación', 'hijo', 'pueblo', 'faro', 'conocimiento', 'orgullo', 'jalisco', 'país', 'feliz', 'aniversario', 'universidad', 'guadalajara']","[('hoy', 'celebramos'), ('celebramos', '98'), ('98', 'años'), ('años', 'de'), ('de', 'la'), ('la', 'refundación'), ('refundación', 'de'), ('de', 'la'), ('la', 'universidad'), ('universidad', 'de'), ('de', 'guadalajara'), ('guadalajara', ' '), (' ', 'mi'), ('mi', 'alma'), ('alma', 'máter'), ('máter', 'aquí'), ('aquí', 'me'), ('me', 'forjé'), ('forjé', 'como'), ('como', 'médico'), ('médico', 'y'), ('y', 'aún'), ('aún', 'más'), ('más', 'importante'), ('importante', 'descubrí'), ('descubrí', 'el'), ('el', 'valor'), ('valor', 'de'), ('de', 'la'), ('la', 'solidaridad'), ('solidaridad', 'y'), ('y', 'el'), ('el', 'compromiso'), ('compromiso', 'de'), ('de', 'trabajar'), ('trabajar', 'por'), ('por', 'el'), ('el', 'bienestar'), ('bienestar', 'de'), ('de', 'mi'), ('mi', 'gentela'), ('gentela', 'udeg'), ('udeg', 'es'), ('es', 'mucho'), ('mucho', 'más'), ('más', 'que'), ('que', 'una'), ('una', 'institución'), ('institución', 'académica'), ('académica', 'es'), ('es', 'una'), ('una', 'conquista'), ('conquista', 'que'), ('que', 'garantiza'), ('garantiza', 'el'), ('el', 'derecho'), ('derecho', 'a'), ('a', 'la'), ('la', 'educación'), ('educación', 'para'), ('para', 'quienes'), ('quienes', 'como'), ('como', 'yo'), ('yo', 'somos'), ('somos', 'hijos'), ('hijos', 'del'), ('del', 'pueblo'), ('pueblo', 'un'), ('un', 'faro'), ('faro', 'de'), ('de', 'conocimiento'), ('conocimiento', 'y'), ('y', 'un'), ('un', 'orgullo'), ('orgullo', 'para'), ('para', 'jalisco'), ('jalisco', 'y'), ('y', 'el'), ('el', 'país'), ('país', 'feliz'), ('feliz', 'aniversario'), ('aniversario', 'universidad'), ('universidad', 'de'), ('de', 'guadalajara')]",hoy celebrir 98 año de el refundación de el universidad de guadalajara   mi alma máter aquí yo forjé como médico y aún más importante descubrí el valor de el solidaridad y el compromiso de trabajar por el bienestar de mi gentela udeg ser mucho más que uno institución académico ser uno conquista que garantizar el derecho a el educación para quien como yo ser hijo del pueblo uno faro de conocimiento y uno orgullo para jalisco y el país feliz aniversario universidad de guadalajara,1.649309441598922e-08
21,gracias a quienes confían en mí seguiré trabajando para estar a la altura de sus esperanzas juntas y juntos somos imparables,"['gracias', 'confían', 'seguiré', 'trabajando', 'altura', 'esperanzas', 'juntas', 'juntos', 'imparables']","['gracias', 'confiar', 'seguir', 'trabajar', 'altura', 'esperanza', 'junto', 'junto', 'imparable']","[('gracias', 'a'), ('a', 'quienes'), ('quienes', 'confían'), ('confían', 'en'), ('en', 'mí'), ('mí', 'seguiré'), ('seguiré', 'trabajando'), ('trabajando', 'para'), ('para', 'estar'), ('estar', 'a'), ('a', 'la'), ('la', 'altura'), ('altura', 'de'), ('de', 'sus'), ('sus', 'esperanzas'), ('esperanzas', 'juntas'), ('juntas', 'y'), ('y', 'juntos'), ('juntos', 'somos'), ('somos', 'imparables')]",gracias a quien confiar en yo seguir trabajar para estar a el altura de su esperanza junto y junto ser imparable,0.0017543470867930277
24,quien cumple su palabra no tiene miedo del pasado ni del futuro,"['cumple', 'palabra', 'miedo', 'pasado', 'futuro']","['cumplir', 'palabra', 'miedo', 'futuro']","[('quien', 'cumple'), ('cumple', 'su'), ('su', 'palabra'), ('palabra', 'no'), ('no', 'tiene'), ('tiene', 'miedo'), ('miedo', 'del'), ('del', 'pasado'), ('pasado', 'ni'), ('ni', 'del'), ('del', 'futuro')]",quien cumplir su palabra no tener miedo del pasado ni del futuro,0.0003447841023097587
27,quiero tomar un momento para agradecerles de corazón por sus palabras y comentarios tan alentadoresustedes son mi motor y fuente de inspiración,"['quiero', 'tomar', 'momento', 'agradecerles', 'corazón', 'palabras', 'comentarios', 'alentadoresustedes', 'motor', 'fuente', 'inspiración']","['querer', 'tomar', 'momento', 'agradecerl', 'corazón', 'palabra', 'comentario', 'alentadoresusted', 'motor', 'fuente', 'inspiración']","[('quiero', 'tomar'), ('tomar', 'un'), ('un', 'momento'), ('momento', 'para'), ('para', 'agradecerles'), ('agradecerles', 'de'), ('de', 'corazón'), ('corazón', 'por'), ('por', 'sus'), ('sus', 'palabras'), ('palabras', 'y'), ('y', 'comentarios'), ('comentarios', 'tan'), ('tan', 'alentadoresustedes'), ('alentadoresustedes', 'son'), ('son', 'mi'), ('mi', 'motor'), ('motor', 'y'), ('y', 'fuente'), ('fuente', 'de'), ('de', 'inspiración')]",querer tomar uno momento para agradecerl de corazón por su palabra y comentario tanto alentadoresusted ser mi motor y fuente de inspiración,0.04628539924391885
30,caí en la tentación de subirme al  qué les parece,"['caí', 'tentación', 'subirme', 'parece']","['caer', 'tentación', 'subir yo']","[('caí', 'en'), ('en', 'la'), ('la', 'tentación'), ('tentación', 'de'), ('de', 'subirme'), ('subirme', 'al'), ('al', ' '), (' ', 'qué'), ('qué', 'les'), ('les', 'parece')]",caer en el tentación de subir yo al   qué él parecer,0.009237569025351992
33,hoy tuvimos el honor de recibir a la dra  en jalisco su compromiso con la cuarta transformación nos llena de inspiración apoyamos su liderazgo como coordinadora de defensa de la 4t,"['honor', 'recibir', 'jalisco', 'compromiso', 'cuarta', 'transformación', 'llena', 'inspiración', 'apoyamos', 'liderazgo', 'coordinadora', 'defensa']","['tener', 'honor', 'recibir', 'dra', 'jalisco', 'compromiso', 'cuarto', 'transformación', 'llenar', 'inspiración', 'apoyar', 'liderazgo', 'coordinadora', 'defensa', 't']","[('hoy', 'tuvimos'), ('tuvimos', 'el'), ('el', 'honor'), ('honor', 'de'), ('de', 'recibir'), ('recibir', 'a'), ('a', 'la'), ('la', 'dra'), ('dra', ' '), (' ', 'en'), ('en', 'jalisco'), ('jalisco', 'su'), ('su', 'compromiso'), ('compromiso', 'con'), ('con', 'la'), ('la', 'cuarta'), ('cuarta', 'transformación'), ('transformación', 'nos'), ('nos', 'llena'), ('llena', 'de'), ('de', 'inspiración'), ('inspiración', 'apoyamos'), ('apoyamos', 'su'), ('su', 'liderazgo'), ('liderazgo', 'como'), ('como', 'coordinadora'), ('coordinadora', 'de'), ('de', 'defensa'), ('defensa', 'de'), ('de', 'la'), ('la', '4'), ('4', 't')]",hoy tener el honor de recibir a el dra   en jalisco su compromiso con el cuarto transformación yo llenar de inspiración apoyar su liderazgo como coordinadora de defensa de el 4 t,0.0006357942417384595
36,saludando a una amiga de verdad la primera mujer en ocupar la mas alta responsabilidad en méxico la dra  ella es,"['saludando', 'amiga', 'verdad', 'primera', 'mujer', 'ocupar', 'mas', 'alta', 'responsabilidad', 'méxico']","['saludar', 'amiga', 'mujer', 'ocupar', 'alto', 'responsabilidad', 'méxico', 'dra']","[('saludando', 'a'), ('a', 'una'), ('una', 'amiga'), ('amiga', 'de'), ('de', 'verdad'), ('verdad', 'la'), ('la', 'primera'), ('primera', 'mujer'), ('mujer', 'en'), ('en', 'ocupar'), ('ocupar', 'la'), ('la', 'mas'), ('mas', 'alta'), ('alta', 'responsabilidad'), ('responsabilidad', 'en'), ('en', 'méxico'), ('méxico', 'la'), ('la', 'dra'), ('dra', ' '), (' ', 'ella'), ('ella', 'es')]",saludar a uno amiga de verdad el primero mujer en ocupar el mas alto responsabilidad en méxico el dra   él ser,0.0008569790514223059
39,llevo toda mi vida sirviendo a mi comunidad y hoy en el distrito 4 de zapopan recordé mis primeras visitas de trabajo social hace casi dos décadas de la mano de jóvenes que hoy son líderestodavía hay muchas carencias pero vamos a luchar con la conciencia y el corazón para transformar a jalisco y traer el bienestar a todas las familias,"['llevo', 'toda', 'vida', 'sirviendo', 'comunidad', 'distrito', 'zapopan', 'recordé', 'primeras', 'visitas', 'trabajo', 'social', 'hace', 'casi', 'dos', 'décadas', 'mano', 'jóvenes', 'líderestodavía', 'muchas', 'carencias', 'vamos', 'luchar', 'conciencia', 'corazón', 'transformar', 'jalisco', 'traer', 'bienestar', 'todas', 'familias']","['llevar', 'vida', 'servir', 'comunidad', 'distrito', 'zapopan', 'recordé', 'primero', 'visita', 'trabajo', 'social', 'década', 'mano', 'joven', 'líderestodavir', 'carencia', 'luchar', 'conciencia', 'corazón', 'transformar', 'jalisco', 'traer', 'bienestar', 'familia']","[('llevo', 'toda'), ('toda', 'mi'), ('mi', 'vida'), ('vida', 'sirviendo'), ('sirviendo', 'a'), ('a', 'mi'), ('mi', 'comunidad'), ('comunidad', 'y'), ('y', 'hoy'), ('hoy', 'en'), ('en', 'el'), ('el', 'distrito'), ('distrito', '4'), ('4', 'de'), ('de', 'zapopan'), ('zapopan', 'recordé'), ('recordé', 'mis'), ('mis', 'primeras'), ('primeras', 'visitas'), ('visitas', 'de'), ('de', 'trabajo'), ('trabajo', 'social'), ('social', 'hace'), ('hace', 'casi'), ('casi', 'dos'), ('dos', 'décadas'), ('décadas', 'de'), ('de', 'la'), ('la', 'mano'), ('mano', 'de'), ('de', 'jóvenes'), ('jóvenes', 'que'), ('que', 'hoy'), ('hoy', 'son'), ('son', 'líderestodavía'), ('líderestodavía', 'hay'), ('hay', 'muchas'), ('muchas', 'carencias'), ('carencias', 'pero'), ('pero', 'vamos'), ('vamos', 'a'), ('a', 'luchar'), ('luchar', 'con'), ('con', 'la'), ('la', 'conciencia'), ('conciencia', 'y'), ('y', 'el'), ('el', 'corazón'), ('corazón', 'para'), ('para', 'transformar'), ('transformar', 'a'), ('a', 'jalisco'), ('jalisco', 'y'), ('y', 'traer'), ('traer', 'el'), ('el', 'bienestar'), ('bienestar', 'a'), ('a', 'todas'), ('todas', 'las'), ('las', 'familias')]",llevar todo mi vida servir a mi comunidad y hoy en el distrito 4 de zapopan recordé mi primero visita de trabajo social hacer casi dos década de el mano de joven que hoy ser líderestodavir haber mucho carencia pero ir a luchar con el conciencia y el corazón para transformar a jalisco y traer el bienestar a todo el familia,4.0215000436865097e-05
42,las mujeres de jalisco merecen vivir libres plenas y con dignidad hagamos de este sueno una realidad,"['mujeres', 'jalisco', 'merecen', 'vivir', 'libres', 'plenas', 'dignidad', 'hagamos', 'sueno', 'realidad']","['mujer', 'jalisco', 'merecer', 'vivir', 'libre', 'plena', 'dignidad', 'hacer', 'sueno', 'realidad']","[('las', 'mujeres'), ('mujeres', 'de'), ('de', 'jalisco'), ('jalisco', 'merecen'), ('merecen', 'vivir'), ('vivir', 'libres'), ('libres', 'plenas'), ('plenas', 'y'), ('y', 'con'), ('con', 'dignidad'), ('dignidad', 'hagamos'), ('hagamos', 'de'), ('de', 'este'), ('este', 'sueno'), ('sueno', 'una'), ('una', 'realidad')]",el mujer de jalisco merecer vivir libre plena y con dignidad hacer de este sueno uno realidad,0.03878963139842606
45,el día de hoy tengo el honor de compartir un diálogo con militantes y simpatizantes de morena en teuchitlán en esta reunión les hablo sobre mi compromiso con la cuarta transformación y por qué motivo aspiro a coordinar los comités de defensa de la  en jaliscollevo casi 20 años comprometido en esta lucha por un méxico mejor y ahora más que nunca aspiro a que esta transformación llegue a nuestro estado en buenas manosjuntos seremos el motor de la esperanza y la transformación para jalisco,"['honor', 'compartir', 'diálogo', 'militantes', 'simpatizantes', 'morena', 'teuchitlán', 'reunión', 'hablo', 'compromiso', 'cuarta', 'transformación', 'motivo', 'aspiro', 'coordinar', 'comités', 'defensa', 'jaliscollevo', 'casi', 'años', 'comprometido', 'lucha', 'méxico', 'mejor', 'ahora', 'nunca', 'aspiro', 'transformación', 'llegue', 'buenas', 'manosjuntos', 'motor', 'esperanza', 'transformación', 'jalisco']","['honor', 'compartir', 'diálogo', 'militante', 'simpatizante', 'morena', 'teuchitlán', 'reunión', 'hablar', 'compromiso', 'cuarto', 'transformación', 'motivo', 'aspirar', 'coordinar', 'comités', 'defensa', 'jaliscollevo', 'año', 'comprometido', 'lucha', 'méxico', 'aspirar', 'transformación', 'llegar', 'manosjuntos', 'serer', 'motor', 'esperanza', 'transformación', 'jalisco']","[('el', 'día'), ('día', 'de'), ('de', 'hoy'), ('hoy', 'tengo'), ('tengo', 'el'), ('el', 'honor'), ('honor', 'de'), ('de', 'compartir'), ('compartir', 'un'), ('un', 'diálogo'), ('diálogo', 'con'), ('con', 'militantes'), ('militantes', 'y'), ('y', 'simpatizantes'), ('simpatizantes', 'de'), ('de', 'morena'), ('morena', 'en'), ('en', 'teuchitlán'), ('teuchitlán', 'en'), ('en', 'esta'), ('esta', 'reunión'), ('reunión', 'les'), ('les', 'hablo'), ('hablo', 'sobre'), ('sobre', 'mi'), ('mi', 'compromiso'), ('compromiso', 'con'), ('con', 'la'), ('la', 'cuarta'), ('cuarta', 'transformación'), ('transformación', 'y'), ('y', 'por'), ('por', 'qué'), ('qué', 'motivo'), ('motivo', 'aspiro'), ('aspiro', 'a'), ('a', 'coordinar'), ('coordinar', 'los'), ('los', 'comités'), ('comités', 'de'), ('de', 'defensa'), ('defensa', 'de'), ('de', 'la'), ('la', ' '), (' ', 'en'), ('en', 'jaliscollevo'), ('jaliscollevo', 'casi'), ('casi', '20'), ('20', 'años'), ('años', 'comprometido'), ('comprometido', 'en'), ('en', 'esta'), ('esta', 'lucha'), ('lucha', 'por'), ('por', 'un'), ('un', 'méxico'), ('méxico', 'mejor'), ('mejor', 'y'), ('y', 'ahora'), ('ahora', 'más'), ('más', 'que'), ('que', 'nunca'), ('nunca', 'aspiro'), ('aspiro', 'a'), ('a', 'que'), ('que', 'esta'), ('esta', 'transformación'), ('transformación', 'llegue'), ('llegue', 'a'), ('a', 'nuestro'), ('nuestro', 'estado'), ('estado', 'en'), ('en', 'buenas'), ('buenas', 'manosjuntos'), ('manosjuntos', 'seremos'), ('seremos', 'el'), ('el', 'motor'), ('motor', 'de'), ('de', 'la'), ('la', 'esperanza'), ('esperanza', 'y'), ('y', 'la'), ('la', 'transformación'), ('transformación', 'para'), ('para', 'jalisco')]",el día de hoy tener el honor de compartir uno diálogo con militante y simpatizante de morena en teuchitlán en este reunión él hablar sobre mi compromiso con el cuarto transformación y por qué motivo aspirar a coordinar el comités de defensa de el   en jaliscollevo casi 20 año comprometido en este lucha por uno méxico mejor y ahora más que nunca aspirar a que este transformación llegar a nuestro estado en buena manosjuntos serer el motor de el esperanza y el transformación para jalisco,1.197133952010012e-13
48,con perseverancia compromiso y mucho trabajo los sueños se cumplen,"['perseverancia', 'compromiso', 'trabajo', 'sueños', 'cumplen']","['perseverancia', 'compromiso', 'trabajo', 'sueño', 'cumplir']","[('con', 'perseverancia'), ('perseverancia', 'compromiso'), ('compromiso', 'y'), ('y', 'mucho'), ('mucho', 'trabajo'), ('trabajo', 'los'), ('los', 'sueños'), ('sueños', 'se'), ('se', 'cumplen')]",con perseverancia compromiso y mucho trabajo el sueño él cumplir,0.11661756852309839
51,en 2017 mi amigo y maestro andrés manuel lópez obrador escribió este libro poniendo claro su proyecto alternativo de nación a seis años y listos para la siguiente transformación sólo puedo decirmisión cumplida presidente,"['amigo', 'maestro', 'andrés', 'manuel', 'lópez', 'obrador', 'escribió', 'libro', 'poniendo', 'claro', 'proyecto', 'alternativo', 'nación', 'seis', 'años', 'listos', 'siguiente', 'transformación', 'sólo', 'puedo', 'decirmisión', 'cumplida', 'presidente']","['amigo', 'maestro', 'andrés', 'manuel', 'lópez', 'obrador', 'escribir', 'libro', 'poner', 'proyecto', 'alternativo', 'nación', 'año', 'listo', 'transformación', 'decirmisión', 'cumplido', 'presidente']","[('en', '2017'), ('2017', 'mi'), ('mi', 'amigo'), ('amigo', 'y'), ('y', 'maestro'), ('maestro', 'andrés'), ('andrés', 'manuel'), ('manuel', 'lópez'), ('lópez', 'obrador'), ('obrador', 'escribió'), ('escribió', 'este'), ('este', 'libro'), ('libro', 'poniendo'), ('poniendo', 'claro'), ('claro', 'su'), ('su', 'proyecto'), ('proyecto', 'alternativo'), ('alternativo', 'de'), ('de', 'nación'), ('nación', 'a'), ('a', 'seis'), ('seis', 'años'), ('años', 'y'), ('y', 'listos'), ('listos', 'para'), ('para', 'la'), ('la', 'siguiente'), ('siguiente', 'transformación'), ('transformación', 'sólo'), ('sólo', 'puedo'), ('puedo', 'decirmisión'), ('decirmisión', 'cumplida'), ('cumplida', 'presidente')]",en 2017 mi amigo y maestro andrés manuel lópez obrador escribir este libro poner claro su proyecto alternativo de nación a seis año y listo para el siguiente transformación sólo poder decirmisión cumplido presidente,0.00016545925240832085
54,los quioscos de jalisco están llenos de historia y recuerdosa ver cuáles reconocen de estas fotos,"['quioscos', 'jalisco', 'llenos', 'historia', 'recuerdosa', 'ver', 'cuáles', 'reconocen', 'fotos']","['quiosco', 'jalisco', 'lleno', 'historia', 'recuerdós', 'reconocer', 'foto']","[('los', 'quioscos'), ('quioscos', 'de'), ('de', 'jalisco'), ('jalisco', 'están'), ('están', 'llenos'), ('llenos', 'de'), ('de', 'historia'), ('historia', 'y'), ('y', 'recuerdosa'), ('recuerdosa', 'ver'), ('ver', 'cuáles'), ('cuáles', 'reconocen'), ('reconocen', 'de'), ('de', 'estas'), ('estas', 'fotos')]",el quiosco de jalisco estar lleno de historia y recuerdós ver cuál reconocer de este foto,0.006399066924193634
57,con el pueblo todo por el pueblo todo,"['pueblo', 'pueblo']","['pueblo', 'pueblo']","[('con', 'el'), ('el', 'pueblo'), ('pueblo', 'todo'), ('todo', 'por'), ('por', 'el'), ('el', 'pueblo'), ('pueblo', 'todo')]",con el pueblo todo por el pueblo todo,0.3257948688365802
60,no podemos cerrar los ojos ante la injusticia la brecha salarial de género persiste y no podemos permitir que eso siga pasando,"['podemos', 'cerrar', 'ojos', 'injusticia', 'brecha', 'salarial', 'género', 'persiste', 'podemos', 'permitir', 'siga', 'pasando']","['cerrar', 'ojo', 'injusticia', 'brecha', 'salarial', 'género', 'persir', 'permitir', 'seguir', 'pasar']","[('no', 'podemos'), ('podemos', 'cerrar'), ('cerrar', 'los'), ('los', 'ojos'), ('ojos', 'ante'), ('ante', 'la'), ('la', 'injusticia'), ('injusticia', 'la'), ('la', 'brecha'), ('brecha', 'salarial'), ('salarial', 'de'), ('de', 'género'), ('género', 'persiste'), ('persiste', 'y'), ('y', 'no'), ('no', 'podemos'), ('podemos', 'permitir'), ('permitir', 'que'), ('que', 'eso'), ('eso', 'siga'), ('siga', 'pasando')]",no poder cerrar el ojo ante el injusticia el brecha salarial de género persir y no poder permitir que ese seguir pasar,1.8814791311727766e-05
63,todo se puede lograr si trabajamos con convicción y honestidadhagamos posibles nuestros sueños,"['puede', 'lograr', 'trabajamos', 'convicción', 'honestidadhagamos', 'posibles', 'sueños']","['lograr', 'trabajar', 'convicción', 'honestidadhagar', 'posible', 'sueños']","[('todo', 'se'), ('se', 'puede'), ('puede', 'lograr'), ('lograr', 'si'), ('si', 'trabajamos'), ('trabajamos', 'con'), ('con', 'convicción'), ('convicción', 'y'), ('y', 'honestidadhagamos'), ('honestidadhagamos', 'posibles'), ('posibles', 'nuestros'), ('nuestros', 'sueños')]",todo él poder lograr si trabajar con convicción y honestidadhagar posible nuestro sueños,0.12860887795734677
66,aquí estoy con la cabeza en alto y el corazón encendido a punto de alcanzar este sueñovamos unidos por la esperanza vamos unidos por jalisco vamos unidos por méxico,"['cabeza', 'alto', 'corazón', 'encendido', 'punto', 'alcanzar', 'sueñovamos', 'unidos', 'esperanza', 'vamos', 'unidos', 'jalisco', 'vamos', 'unidos', 'méxico']","['cabeza', 'alto', 'corazón', 'encendido', 'punto', 'alcanzar', 'sueñoir', 'unir', 'esperanza', 'unido', 'jalisco', 'unido', 'méxico']","[('aquí', 'estoy'), ('estoy', 'con'), ('con', 'la'), ('la', 'cabeza'), ('cabeza', 'en'), ('en', 'alto'), ('alto', 'y'), ('y', 'el'), ('el', 'corazón'), ('corazón', 'encendido'), ('encendido', 'a'), ('a', 'punto'), ('punto', 'de'), ('de', 'alcanzar'), ('alcanzar', 'este'), ('este', 'sueñovamos'), ('sueñovamos', 'unidos'), ('unidos', 'por'), ('por', 'la'), ('la', 'esperanza'), ('esperanza', 'vamos'), ('vamos', 'unidos'), ('unidos', 'por'), ('por', 'jalisco'), ('jalisco', 'vamos'), ('vamos', 'unidos'), ('unidos', 'por'), ('por', 'méxico')]",aquí estar con el cabeza en alto y el corazón encendido a punto de alcanzar este sueñoir unir por el esperanza ir unido por jalisco ir unido por méxico,0.021124344896544685
69,hoy estamos ante un proyecto que arrancamos hace 19 años que ha soportado innumerables ataques y descalificaciones pero nada nos ha detenido y aquí estoy con la cabeza en alto y el corazón encendido a punto de alcanzar el sueño la esperanza es lo que nos ha mantenido en todos estos años luchando trabajando y construyendo este gran movimiento de transformación que hoy exigen las y los jaliscienses estamos preparados estamos listos y estamos deseosos de arrancar porque jalisco nos está llamando hoy les anuncio que me he registrado para ser el coordinador de la defensa de la cuarta transformación en jalisco,"['proyecto', 'arrancamos', 'hace', 'años', 'soportado', 'innumerables', 'ataques', 'descalificaciones', 'detenido', 'cabeza', 'alto', 'corazón', 'encendido', 'punto', 'alcanzar', 'sueño', 'esperanza', 'mantenido', 'años', 'luchando', 'trabajando', 'construyendo', 'gran', 'movimiento', 'transformación', 'exigen', 'jaliscienses', 'preparados', 'listos', 'deseosos', 'arrancar', 'jalisco', 'llamando', 'anuncio', 'registrado', 'coordinador', 'defensa', 'cuarta', 'transformación', 'jalisco']","['proyecto', 'arrancar', 'año', 'soportar', 'innumerable', 'ataque', 'descalificación', 'detener', 'cabeza', 'alto', 'corazón', 'encendido', 'punto', 'alcanzar', 'sueño', 'esperanza', 'mantener', 'año', 'luchar', 'trabajar', 'construir', 'movimiento', 'transformación', 'exigir', 'jalisciens', 'preparado', 'listo', 'deseoso', 'arrancar', 'jalisco', 'llamar', 'anunciar', 'registrar', 'coordinador', 'defensa', 'cuarto', 'transformación', 'jalisco']","[('hoy', 'estamos'), ('estamos', 'ante'), ('ante', 'un'), ('un', 'proyecto'), ('proyecto', 'que'), ('que', 'arrancamos'), ('arrancamos', 'hace'), ('hace', '19'), ('19', 'años'), ('años', 'que'), ('que', 'ha'), ('ha', 'soportado'), ('soportado', 'innumerables'), ('innumerables', 'ataques'), ('ataques', 'y'), ('y', 'descalificaciones'), ('descalificaciones', 'pero'), ('pero', 'nada'), ('nada', 'nos'), ('nos', 'ha'), ('ha', 'detenido'), ('detenido', 'y'), ('y', 'aquí'), ('aquí', 'estoy'), ('estoy', 'con'), ('con', 'la'), ('la', 'cabeza'), ('cabeza', 'en'), ('en', 'alto'), ('alto', 'y'), ('y', 'el'), ('el', 'corazón'), ('corazón', 'encendido'), ('encendido', 'a'), ('a', 'punto'), ('punto', 'de'), ('de', 'alcanzar'), ('alcanzar', 'el'), ('el', 'sueño'), ('sueño', 'la'), ('la', 'esperanza'), ('esperanza', 'es'), ('es', 'lo'), ('lo', 'que'), ('que', 'nos'), ('nos', 'ha'), ('ha', 'mantenido'), ('mantenido', 'en'), ('en', 'todos'), ('todos', 'estos'), ('estos', 'años'), ('años', 'luchando'), ('luchando', 'trabajando'), ('trabajando', 'y'), ('y', 'construyendo'), ('construyendo', 'este'), ('este', 'gran'), ('gran', 'movimiento'), ('movimiento', 'de'), ('de', 'transformación'), ('transformación', 'que'), ('que', 'hoy'), ('hoy', 'exigen'), ('exigen', 'las'), ('las', 'y'), ('y', 'los'), ('los', 'jaliscienses'), ('jaliscienses', 'estamos'), ('estamos', 'preparados'), ('preparados', 'estamos'), ('estamos', 'listos'), ('listos', 'y'), ('y', 'estamos'), ('estamos', 'deseosos'), ('deseosos', 'de'), ('de', 'arrancar'), ('arrancar', 'porque'), ('porque', 'jalisco'), ('jalisco', 'nos'), ('nos', 'está'), ('está', 'llamando'), ('llamando', 'hoy'), ('hoy', 'les'), ('les', 'anuncio'), ('anuncio', 'que'), ('que', 'me'), ('me', 'he'), ('he', 'registrado'), ('registrado', 'para'), ('para', 'ser'), ('ser', 'el'), ('el', 'coordinador'), ('coordinador', 'de'), ('de', 'la'), ('la', 'defensa'), ('defensa', 'de'), ('de', 'la'), ('la', 'cuarta'), ('cuarta', 'transformación'), ('transformación', 'en'), ('en', 'jalisco')]",hoy estar ante uno proyecto que arrancar hacer 19 año que haber soportar innumerable ataque y descalificación pero nada yo haber detener y aquí estar con el cabeza en alto y el corazón encendido a punto de alcanzar el sueño el esperanza ser él que yo haber mantener en todo este año luchar trabajar y construir este gran movimiento de transformación que hoy exigir el y el jalisciens estar preparado estar listo y estar deseoso de arrancar porque jalisco yo estar llamar hoy él anunciar que yo haber registrar para ser el coordinador de el defensa de el cuarto transformación en jalisco,3.102890261091425e-17
72,la honestidad es la mejor virtud que podemos heredar a nuestras hijas e hijos la verdad nos hará libres,"['honestidad', 'mejor', 'virtud', 'podemos', 'heredar', 'hijas', 'hijos', 'verdad', 'hará', 'libres']","['honestidad', 'virtud', 'heredar', 'hija', 'hijo', 'hacer', 'libre']","[('la', 'honestidad'), ('honestidad', 'es'), ('es', 'la'), ('la', 'mejor'), ('mejor', 'virtud'), ('virtud', 'que'), ('que', 'podemos'), ('podemos', 'heredar'), ('heredar', 'a'), ('a', 'nuestras'), ('nuestras', 'hijas'), ('hijas', 'e'), ('e', 'hijos'), ('hijos', 'la'), ('la', 'verdad'), ('verdad', 'nos'), ('nos', 'hará'), ('hará', 'libres')]",el honestidad ser el mejor virtud que poder heredar a nuestro hija e hijo el verdad yo hacer libre,0.09107136851541077
75,guadalajara es el alma de jalisco y el corazón de méxico el centro de una zona metropolitana con mucho potencial pero también con muchos problemas y desigualdadesrecuperemos el orgullo que nos da ser de la perla de occidente,"['guadalajara', 'alma', 'jalisco', 'corazón', 'méxico', 'centro', 'zona', 'metropolitana', 'potencial', 'problemas', 'desigualdadesrecuperemos', 'orgullo', 'perla', 'occidente']","['guadalajara', 'alma', 'jalisco', 'corazón', 'méxico', 'centro', 'zona', 'metropolitano', 'potencial', 'problema', 'desigualdadesrecuperer', 'orgullo', 'perla', 'occidente']","[('guadalajara', 'es'), ('es', 'el'), ('el', 'alma'), ('alma', 'de'), ('de', 'jalisco'), ('jalisco', 'y'), ('y', 'el'), ('el', 'corazón'), ('corazón', 'de'), ('de', 'méxico'), ('méxico', 'el'), ('el', 'centro'), ('centro', 'de'), ('de', 'una'), ('una', 'zona'), ('zona', 'metropolitana'), ('metropolitana', 'con'), ('con', 'mucho'), ('mucho', 'potencial'), ('potencial', 'pero'), ('pero', 'también'), ('también', 'con'), ('con', 'muchos'), ('muchos', 'problemas'), ('problemas', 'y'), ('y', 'desigualdadesrecuperemos'), ('desigualdadesrecuperemos', 'el'), ('el', 'orgullo'), ('orgullo', 'que'), ('que', 'nos'), ('nos', 'da'), ('da', 'ser'), ('ser', 'de'), ('de', 'la'), ('la', 'perla'), ('perla', 'de'), ('de', 'occidente')]",guadalajara ser el alma de jalisco y el corazón de méxico el centro de uno zona metropolitano con mucho potencial pero también con mucho problema y desigualdadesrecuperer el orgullo que yo dar ser de el perla de occidente,0.9999999982855172
78,cuando se trata de defender a jalisco no hay vuelta atrás siempre estaré aquí firme y sin titubeos dispuesto a enfrentar a los malos gobiernos naranjas juntos construiremos un jalisco mejor,"['trata', 'defender', 'jalisco', 'vuelta', 'atrás', 'siempre', 'firme', 'titubeos', 'dispuesto', 'enfrentar', 'malos', 'gobiernos', 'naranjas', 'juntos', 'construiremos', 'jalisco', 'mejor']","['defender', 'jalisco', 'vuelta', 'atrás', 'estar', 'firme', 'titubeo', 'dispuesto', 'enfrentar', 'malo', 'gobierno', 'naranja', 'junto', 'construirer', 'jalisco']","[('cuando', 'se'), ('se', 'trata'), ('trata', 'de'), ('de', 'defender'), ('defender', 'a'), ('a', 'jalisco'), ('jalisco', 'no'), ('no', 'hay'), ('hay', 'vuelta'), ('vuelta', 'atrás'), ('atrás', 'siempre'), ('siempre', 'estaré'), ('estaré', 'aquí'), ('aquí', 'firme'), ('firme', 'y'), ('y', 'sin'), ('sin', 'titubeos'), ('titubeos', 'dispuesto'), ('dispuesto', 'a'), ('a', 'enfrentar'), ('enfrentar', 'a'), ('a', 'los'), ('los', 'malos'), ('malos', 'gobiernos'), ('gobiernos', 'naranjas'), ('naranjas', 'juntos'), ('juntos', 'construiremos'), ('construiremos', 'un'), ('un', 'jalisco'), ('jalisco', 'mejor')]",cuando él tratar de defender a jalisco no haber vuelta atrás siempre estar aquí firme y sin titubeo dispuesto a enfrentar a el malo gobierno naranja junto construirer uno jalisco mejor,7.343246699643303e-05
81,solamente sumando esfuerzos se puede lograr el objetivo de transformar jaliscome siento muy agradecido con el gran recibimiento y las muestras de apoyo que nos hicieron vecinas y vecinos del parque del refugio la gente pide un cambio se ve y se siente,"['solamente', 'sumando', 'esfuerzos', 'puede', 'lograr', 'objetivo', 'transformar', 'jaliscome', 'siento', 'agradecido', 'gran', 'recibimiento', 'muestras', 'apoyo', 'hicieron', 'vecinas', 'vecinos', 'parque', 'refugio', 'gente', 'pide', 'cambio']","['sumar', 'esfuerzo', 'lograr', 'objetivo', 'transformar', 'jaliscome', 'sentir', 'agradecido', 'recibimiento', 'muestra', 'apoyo', 'vecina', 'vecino', 'parque', 'refugio', 'gente', 'pedir', 'cambio', 'ver', 'sentir']","[('solamente', 'sumando'), ('sumando', 'esfuerzos'), ('esfuerzos', 'se'), ('se', 'puede'), ('puede', 'lograr'), ('lograr', 'el'), ('el', 'objetivo'), ('objetivo', 'de'), ('de', 'transformar'), ('transformar', 'jaliscome'), ('jaliscome', 'siento'), ('siento', 'muy'), ('muy', 'agradecido'), ('agradecido', 'con'), ('con', 'el'), ('el', 'gran'), ('gran', 'recibimiento'), ('recibimiento', 'y'), ('y', 'las'), ('las', 'muestras'), ('muestras', 'de'), ('de', 'apoyo'), ('apoyo', 'que'), ('que', 'nos'), ('nos', 'hicieron'), ('hicieron', 'vecinas'), ('vecinas', 'y'), ('y', 'vecinos'), ('vecinos', 'del'), ('del', 'parque'), ('parque', 'del'), ('del', 'refugio'), ('refugio', 'la'), ('la', 'gente'), ('gente', 'pide'), ('pide', 'un'), ('un', 'cambio'), ('cambio', 'se'), ('se', 've'), ('ve', 'y'), ('y', 'se'), ('se', 'siente')]",solamente sumar esfuerzo él poder lograr el objetivo de transformar jaliscome sentir mucho agradecido con el gran recibimiento y el muestra de apoyo que yo hacer vecina y vecino del parque del refugio el gente pedir uno cambio él ver y él sentir,0.3485666892277213
84,esta transformación está avanzando en todo el país y ya nadie la detiene es el momento de que se escuche la voz de jalisco y de quienes queremos un estado de bienestar tranquilidad y prosperidaden 2024 nuestro destino está en nuestras manos,"['transformación', 'avanzando', 'país', 'nadie', 'detiene', 'momento', 'escuche', 'voz', 'jalisco', 'queremos', 'bienestar', 'tranquilidad', 'prosperidaden', 'destino', 'manos']","['transformación', 'avanzar', 'país', 'detener', 'momento', 'escuchir', 'voz', 'jalisco', 'bienestar', 'tranquilidad', 'prosperidadir', 'destino', 'mano']","[('esta', 'transformación'), ('transformación', 'está'), ('está', 'avanzando'), ('avanzando', 'en'), ('en', 'todo'), ('todo', 'el'), ('el', 'país'), ('país', 'y'), ('y', 'ya'), ('ya', 'nadie'), ('nadie', 'la'), ('la', 'detiene'), ('detiene', 'es'), ('es', 'el'), ('el', 'momento'), ('momento', 'de'), ('de', 'que'), ('que', 'se'), ('se', 'escuche'), ('escuche', 'la'), ('la', 'voz'), ('voz', 'de'), ('de', 'jalisco'), ('jalisco', 'y'), ('y', 'de'), ('de', 'quienes'), ('quienes', 'queremos'), ('queremos', 'un'), ('un', 'estado'), ('estado', 'de'), ('de', 'bienestar'), ('bienestar', 'tranquilidad'), ('tranquilidad', 'y'), ('y', 'prosperidaden'), ('prosperidaden', '2024'), ('2024', 'nuestro'), ('nuestro', 'destino'), ('destino', 'está'), ('está', 'en'), ('en', 'nuestras'), ('nuestras', 'manos')]",este transformación estar avanzar en todo el país y ya nadie él detener ser el momento de que él escuchir el voz de jalisco y de quien querer uno estado de bienestar tranquilidad y prosperidadir 2024 nuestro destino estar en nuestro mano,0.004044120206721885
87,con tu mano y con mi mano juntos podemos construir el jalisco que nos merecemosvamos adelante,"['mano', 'mano', 'juntos', 'podemos', 'construir', 'jalisco', 'merecemosvamos', 'adelante']","['mano', 'mano', 'junto', 'construir', 'jalisco', 'merecemosir']","[('con', 'tu'), ('tu', 'mano'), ('mano', 'y'), ('y', 'con'), ('con', 'mi'), ('mi', 'mano'), ('mano', 'juntos'), ('juntos', 'podemos'), ('podemos', 'construir'), ('construir', 'el'), ('el', 'jalisco'), ('jalisco', 'que'), ('que', 'nos'), ('nos', 'merecemosvamos'), ('merecemosvamos', 'adelante')]",con tu mano y con mi mano junto poder construir el jalisco que yo merecemosir adelante,0.004072676757459021
90,el día de hoy tuve la oportunidad de acompañar a mi amigo  en su segundo informe como presidente municipal de puerto vallarta desde el inicio de su administración el profe ha demostrado su compromiso con la gente al poner al centro de su gobierno los principios que definen a la cuarta transformación enhorabuena profe,"['oportunidad', 'acompañar', 'amigo', 'segundo', 'informe', 'presidente', 'municipal', 'puerto', 'vallarta', 'inicio', 'administración', 'profe', 'demostrado', 'compromiso', 'gente', 'poner', 'centro', 'gobierno', 'principios', 'definen', 'cuarta', 'transformación', 'enhorabuena', 'profe']","['tener', 'oportunidad', 'acompañar', 'amigo', 'informe', 'presidente', 'municipal', 'puerto', 'vallarta', 'inicio', 'administración', 'profe', 'demostrar', 'compromiso', 'gente', 'centro', 'gobierno', 'principio', 'definir', 'cuarto', 'transformación', 'enhorabuena', 'profe']","[('el', 'día'), ('día', 'de'), ('de', 'hoy'), ('hoy', 'tuve'), ('tuve', 'la'), ('la', 'oportunidad'), ('oportunidad', 'de'), ('de', 'acompañar'), ('acompañar', 'a'), ('a', 'mi'), ('mi', 'amigo'), ('amigo', ' '), (' ', 'en'), ('en', 'su'), ('su', 'segundo'), ('segundo', 'informe'), ('informe', 'como'), ('como', 'presidente'), ('presidente', 'municipal'), ('municipal', 'de'), ('de', 'puerto'), ('puerto', 'vallarta'), ('vallarta', 'desde'), ('desde', 'el'), ('el', 'inicio'), ('inicio', 'de'), ('de', 'su'), ('su', 'administración'), ('administración', 'el'), ('el', 'profe'), ('profe', 'ha'), ('ha', 'demostrado'), ('demostrado', 'su'), ('su', 'compromiso'), ('compromiso', 'con'), ('con', 'la'), ('la', 'gente'), ('gente', 'al'), ('al', 'poner'), ('poner', 'al'), ('al', 'centro'), ('centro', 'de'), ('de', 'su'), ('su', 'gobierno'), ('gobierno', 'los'), ('los', 'principios'), ('principios', 'que'), ('que', 'definen'), ('definen', 'a'), ('a', 'la'), ('la', 'cuarta'), ('cuarta', 'transformación'), ('transformación', 'enhorabuena'), ('enhorabuena', 'profe')]",el día de hoy tener el oportunidad de acompañar a mi amigo   en su segundo informe como presidente municipal de puerto vallarta desde el inicio de su administración el profe haber demostrar su compromiso con el gente al poner al centro de su gobierno el principio que definir a el cuarto transformación enhorabuena profe,6.0059730335934174e-05
93,los lonches del mercado corona son una joya culinaria en guadalajara ya los probaste les prometo que les van a encantar,"['lonches', 'mercado', 'corona', 'joya', 'culinaria', 'guadalajara', 'probaste', 'prometo', 'encantar']","['lonch', 'mercado', 'corona', 'joya', 'culinario', 'guadalajara', 'probaste', 'prometer', 'encantar']","[('los', 'lonches'), ('lonches', 'del'), ('del', 'mercado'), ('mercado', 'corona'), ('corona', 'son'), ('son', 'una'), ('una', 'joya'), ('joya', 'culinaria'), ('culinaria', 'en'), ('en', 'guadalajara'), ('guadalajara', 'ya'), ('ya', 'los'), ('los', 'probaste'), ('probaste', 'les'), ('les', 'prometo'), ('prometo', 'que'), ('que', 'les'), ('les', 'van'), ('van', 'a'), ('a', 'encantar')]",el lonch del mercado corona ser uno joya culinario en guadalajara ya el probaste él prometer que él ir a encantar,0.006640823598205202
96,nos merecemos un gobierno que sí pueda cumplir su palabrales comparto esta reflexión,"['merecemos', 'gobierno', 'pueda', 'cumplir', 'palabrales', 'comparto', 'reflexión']","['merec', 'gobierno', 'cumplir', 'palabral', 'compartir', 'reflexión']","[('nos', 'merecemos'), ('merecemos', 'un'), ('un', 'gobierno'), ('gobierno', 'que'), ('que', 'sí'), ('sí', 'pueda'), ('pueda', 'cumplir'), ('cumplir', 'su'), ('su', 'palabrales'), ('palabrales', 'comparto'), ('comparto', 'esta'), ('esta', 'reflexión')]",yo merec uno gobierno que sí poder cumplir su palabral compartir este reflexión,0.04186673586504293
99,siempre he luchado y trabajado por mis sueños pero no lo he hecho solo he estado acompañado de grandes personas que me han ayudado a conseguirlosles comparto la segunda parte del  con mi amigo el dr óscar lomelí,"['siempre', 'luchado', 'trabajado', 'sueños', 'hecho', 'acompañado', 'grandes', 'personas', 'ayudado', 'conseguirlosles', 'comparto', 'segunda', 'parte', 'amigo', 'dr', 'óscar', 'lomelí']","['luchar', 'trabajado', 'sueño', 'acompañado', 'persona', 'ayudar', 'conseguirlosl', 'compartir', 'amigo', 'dr', 'óscar', 'lomelí']","[('siempre', 'he'), ('he', 'luchado'), ('luchado', 'y'), ('y', 'trabajado'), ('trabajado', 'por'), ('por', 'mis'), ('mis', 'sueños'), ('sueños', 'pero'), ('pero', 'no'), ('no', 'lo'), ('lo', 'he'), ('he', 'hecho'), ('hecho', 'solo'), ('solo', 'he'), ('he', 'estado'), ('estado', 'acompañado'), ('acompañado', 'de'), ('de', 'grandes'), ('grandes', 'personas'), ('personas', 'que'), ('que', 'me'), ('me', 'han'), ('han', 'ayudado'), ('ayudado', 'a'), ('a', 'conseguirlosles'), ('conseguirlosles', 'comparto'), ('comparto', 'la'), ('la', 'segunda'), ('segunda', 'parte'), ('parte', 'del'), ('del', ' '), (' ', 'con'), ('con', 'mi'), ('mi', 'amigo'), ('amigo', 'el'), ('el', 'dr'), ('dr', 'óscar'), ('óscar', 'lomelí')]",siempre haber luchar y trabajado por mi sueño pero no él haber hacer solo haber estar acompañado de grande persona que yo haber ayudar a conseguirlosl compartir el segundo parte del   con mi amigo el dr óscar lomelí,4.134018379693563e-09
102,esta mañana participé en la tercera sesión ordinaria del consejo nacional morena donde se entregó la constancia que acredita a mi amiga  como la coordinadora de los comités de defensa de la 4ten ese contexto claudia nos instó a establecer comités de defensa en todo el país para lograr la unidad y promover los logros del gobierno del presidente  en  tenemos un arduo trabajo por delante y continuaremos construyendo un mejor futuro para el país,"['mañana', 'participé', 'tercera', 'sesión', 'ordinaria', 'consejo', 'nacional', 'morena', 'entregó', 'constancia', 'acredita', 'amiga', 'coordinadora', 'comités', 'defensa', 'contexto', 'claudia', 'instó', 'establecer', 'comités', 'defensa', 'país', 'lograr', 'unidad', 'promover', 'logros', 'gobierno', 'presidente', 'arduo', 'trabajo', 'delante', 'continuaremos', 'construyendo', 'mejor', 'futuro', 'país']","['mañana', 'participé', 'sesión', 'ordinario', 'consejo', 'nacional', 'morén', 'entregar', 'constancia', 'acreditir', 'amiga', 'coordinadora', 'comités', 'defensa', 'contexto', 'claudia', 'instar', 'establecer', 'comités', 'defensa', 'país', 'lograr', 'unidad', 'promover', 'logro', 'gobierno', 'presidente', 'arduo', 'trabajo', 'continuaremos', 'construir', 'futuro', 'país']","[('esta', 'mañana'), ('mañana', 'participé'), ('participé', 'en'), ('en', 'la'), ('la', 'tercera'), ('tercera', 'sesión'), ('sesión', 'ordinaria'), ('ordinaria', 'del'), ('del', 'consejo'), ('consejo', 'nacional'), ('nacional', 'morena'), ('morena', 'donde'), ('donde', 'se'), ('se', 'entregó'), ('entregó', 'la'), ('la', 'constancia'), ('constancia', 'que'), ('que', 'acredita'), ('acredita', 'a'), ('a', 'mi'), ('mi', 'amiga'), ('amiga', ' '), (' ', 'como'), ('como', 'la'), ('la', 'coordinadora'), ('coordinadora', 'de'), ('de', 'los'), ('los', 'comités'), ('comités', 'de'), ('de', 'defensa'), ('defensa', 'de'), ('de', 'la'), ('la', '4ten'), ('4ten', 'ese'), ('ese', 'contexto'), ('contexto', 'claudia'), ('claudia', 'nos'), ('nos', 'instó'), ('instó', 'a'), ('a', 'establecer'), ('establecer', 'comités'), ('comités', 'de'), ('de', 'defensa'), ('defensa', 'en'), ('en', 'todo'), ('todo', 'el'), ('el', 'país'), ('país', 'para'), ('para', 'lograr'), ('lograr', 'la'), ('la', 'unidad'), ('unidad', 'y'), ('y', 'promover'), ('promover', 'los'), ('los', 'logros'), ('logros', 'del'), ('del', 'gobierno'), ('gobierno', 'del'), ('del', 'presidente'), ('presidente', ' '), (' ', 'en'), ('en', ' '), (' ', 'tenemos'), ('tenemos', 'un'), ('un', 'arduo'), ('arduo', 'trabajo'), ('trabajo', 'por'), ('por', 'delante'), ('delante', 'y'), ('y', 'continuaremos'), ('continuaremos', 'construyendo'), ('construyendo', 'un'), ('un', 'mejor'), ('mejor', 'futuro'), ('futuro', 'para'), ('para', 'el'), ('el', 'país')]",este mañana participé en el tercero sesión ordinario del consejo nacional morén donde él entregar el constancia que acreditir a mi amiga   como el coordinadora de el comités de defensa de él 4ten ese contexto claudia yo instar a establecer comités de defensa en todo el país para lograr el unidad y promover el logro del gobierno del presidente   en   tener uno arduo trabajo por delante y continuaremos construir uno mejor futuro para el país,3.054072015186557e-05
105,listo para acompañar a nuestra compañera  en el consejo nacional de morena,"['listo', 'acompañar', 'compañera', 'consejo', 'nacional', 'morena']","['listo', 'acompañar', 'compañera', 'consejo', 'nacional', 'morena']","[('listo', 'para'), ('para', 'acompañar'), ('acompañar', 'a'), ('a', 'nuestra'), ('nuestra', 'compañera'), ('compañera', ' '), (' ', 'en'), ('en', 'el'), ('el', 'consejo'), ('consejo', 'nacional'), ('nacional', 'de'), ('de', 'morena')]",listo para acompañar a nuestro compañera   en el consejo nacional de morena,0.2103488274619318
109,hoy conmemoramos el natalicio de francisco i madero una verdadera inspiración para nuestro movimiento su legado nos trajo mejoras en la atención médica educación y derechos laborales promovió la libertad de prensa y la participación democrática en la política sigamos su ejemplo y defendamos esos ideales para tener un méxico más justo y libre para todas y todos,"['conmemoramos', 'natalicio', 'francisco', 'i', 'madero', 'verdadera', 'inspiración', 'movimiento', 'legado', 'trajo', 'mejoras', 'atención', 'médica', 'educación', 'derechos', 'laborales', 'promovió', 'libertad', 'prensa', 'participación', 'democrática', 'política', 'sigamos', 'ejemplo', 'defendamos', 'ideales', 'tener', 'méxico', 'justo', 'libre', 'todas']","['conmemorar', 'natalicio', 'francisco', 'i', 'madero', 'inspiración', 'movimiento', 'legado', 'traer', 'mejora', 'atención', 'médico', 'educación', 'derecho', 'laboral', 'promover', 'libertad', 'prensa', 'participación', 'democrático', 'política', 'sigar', 'ejemplo', 'defendar', 'ideal', 'méxico', 'justo', 'libre']","[('hoy', 'conmemoramos'), ('conmemoramos', 'el'), ('el', 'natalicio'), ('natalicio', 'de'), ('de', 'francisco'), ('francisco', 'i'), ('i', 'madero'), ('madero', 'una'), ('una', 'verdadera'), ('verdadera', 'inspiración'), ('inspiración', 'para'), ('para', 'nuestro'), ('nuestro', 'movimiento'), ('movimiento', 'su'), ('su', 'legado'), ('legado', 'nos'), ('nos', 'trajo'), ('trajo', 'mejoras'), ('mejoras', 'en'), ('en', 'la'), ('la', 'atención'), ('atención', 'médica'), ('médica', 'educación'), ('educación', 'y'), ('y', 'derechos'), ('derechos', 'laborales'), ('laborales', 'promovió'), ('promovió', 'la'), ('la', 'libertad'), ('libertad', 'de'), ('de', 'prensa'), ('prensa', 'y'), ('y', 'la'), ('la', 'participación'), ('participación', 'democrática'), ('democrática', 'en'), ('en', 'la'), ('la', 'política'), ('política', 'sigamos'), ('sigamos', 'su'), ('su', 'ejemplo'), ('ejemplo', 'y'), ('y', 'defendamos'), ('defendamos', 'esos'), ('esos', 'ideales'), ('ideales', 'para'), ('para', 'tener'), ('tener', 'un'), ('un', 'méxico'), ('méxico', 'más'), ('más', 'justo'), ('justo', 'y'), ('y', 'libre'), ('libre', 'para'), ('para', 'todas'), ('todas', 'y'), ('y', 'todos')]",hoy conmemorar el natalicio de francisco i madero uno verdadero inspiración para nuestro movimiento su legado yo traer mejora en el atención médico educación y derecho laboral promover el libertad de prensa y el participación democrático en el política sigar su ejemplo y defendar ese ideal para tener uno méxico más justo y libre para todo y todo,0.00012461685387898098
113,en todos estos años he tenido el privilegio de recorrer cada rincón de jalisco de conocer a su gente sus sueños y sus desafíos gracias al esfuerzo y compromiso que hemos tenido nos hemos ganado el cariño y la amistad de personas maravillosas gracias por su confianza,"['años', 'privilegio', 'recorrer', 'cada', 'rincón', 'jalisco', 'conocer', 'gente', 'sueños', 'desafíos', 'gracias', 'esfuerzo', 'compromiso', 'ganado', 'cariño', 'amistad', 'personas', 'maravillosas', 'gracias', 'confianza']","['año', 'privilegio', 'recorrer', 'rincón', 'jalisco', 'gente', 'sueño', 'desafío', 'gracias', 'esfuerzo', 'compromiso', 'ganar', 'cariño', 'amistad', 'persona', 'maravilloso', 'gracia', 'confianza']","[('en', 'todos'), ('todos', 'estos'), ('estos', 'años'), ('años', 'he'), ('he', 'tenido'), ('tenido', 'el'), ('el', 'privilegio'), ('privilegio', 'de'), ('de', 'recorrer'), ('recorrer', 'cada'), ('cada', 'rincón'), ('rincón', 'de'), ('de', 'jalisco'), ('jalisco', 'de'), ('de', 'conocer'), ('conocer', 'a'), ('a', 'su'), ('su', 'gente'), ('gente', 'sus'), ('sus', 'sueños'), ('sueños', 'y'), ('y', 'sus'), ('sus', 'desafíos'), ('desafíos', 'gracias'), ('gracias', 'al'), ('al', 'esfuerzo'), ('esfuerzo', 'y'), ('y', 'compromiso'), ('compromiso', 'que'), ('que', 'hemos'), ('hemos', 'tenido'), ('tenido', 'nos'), ('nos', 'hemos'), ('hemos', 'ganado'), ('ganado', 'el'), ('el', 'cariño'), ('cariño', 'y'), ('y', 'la'), ('la', 'amistad'), ('amistad', 'de'), ('de', 'personas'), ('personas', 'maravillosas'), ('maravillosas', 'gracias'), ('gracias', 'por'), ('por', 'su'), ('su', 'confianza')]",en todo este año haber tener el privilegio de recorrer cada rincón de jalisco de conocer a su gente su sueño y su desafío gracias al esfuerzo y compromiso que haber tener yo haber ganar el cariño y el amistad de persona maravilloso gracia por su confianza,3.275897382978101e-08
116,mi compromiso es estar cerca de ustedes cada foto representa una historia un momento compartido cada apretón de manos cada sonrisa es una razón más que me impulsa a seguir en este camino esto lo logramos juntas y juntos,"['compromiso', 'cerca', 'ustedes', 'cada', 'foto', 'representa', 'historia', 'momento', 'compartido', 'cada', 'apretón', 'manos', 'cada', 'sonrisa', 'razón', 'impulsa', 'seguir', 'camino', 'logramos', 'juntas', 'juntos']","['compromiso', 'cerca', 'foto', 'representar', 'historia', 'momento', 'compartido', 'apretón', 'mano', 'sonrisa', 'razón', 'impulsar', 'seguir', 'camino', 'lograr', 'junto', 'junto']","[('mi', 'compromiso'), ('compromiso', 'es'), ('es', 'estar'), ('estar', 'cerca'), ('cerca', 'de'), ('de', 'ustedes'), ('ustedes', 'cada'), ('cada', 'foto'), ('foto', 'representa'), ('representa', 'una'), ('una', 'historia'), ('historia', 'un'), ('un', 'momento'), ('momento', 'compartido'), ('compartido', 'cada'), ('cada', 'apretón'), ('apretón', 'de'), ('de', 'manos'), ('manos', 'cada'), ('cada', 'sonrisa'), ('sonrisa', 'es'), ('es', 'una'), ('una', 'razón'), ('razón', 'más'), ('más', 'que'), ('que', 'me'), ('me', 'impulsa'), ('impulsa', 'a'), ('a', 'seguir'), ('seguir', 'en'), ('en', 'este'), ('este', 'camino'), ('camino', 'esto'), ('esto', 'lo'), ('lo', 'logramos'), ('logramos', 'juntas'), ('juntas', 'y'), ('y', 'juntos')]",mi compromiso ser estar cerca de tú cada foto representar uno historia uno momento compartido cada apretón de mano cada sonrisa ser uno razón más que yo impulsar a seguir en este camino este él lograr junto y junto,0.0005654922406573106
119,me considero un líder capaz comprometido y valiente alguien que conoce de cerca los desafíos que enfrentamos alguien que no retrocede ante las dificultades por el contrario las encaro con determinación porque el cariño de ustedes son el motor que me impulsa a seguir adelante la unión hace la fuerza,"['considero', 'líder', 'capaz', 'comprometido', 'valiente', 'alguien', 'conoce', 'cerca', 'desafíos', 'enfrentamos', 'alguien', 'retrocede', 'dificultades', 'contrario', 'encaro', 'determinación', 'cariño', 'ustedes', 'motor', 'impulsa', 'seguir', 'adelante', 'unión', 'hace', 'fuerza']","['considerar', 'líder', 'capaz', 'comprometido', 'valiente', 'alguien', 'conocer', 'cerca', 'desafío', 'enfrentar', 'alguien', 'retroceder', 'dificultad', 'contrario', 'encaro', 'determinación', 'cariño', 'motor', 'impulsar', 'seguir', 'unión', 'fuerza']","[('me', 'considero'), ('considero', 'un'), ('un', 'líder'), ('líder', 'capaz'), ('capaz', 'comprometido'), ('comprometido', 'y'), ('y', 'valiente'), ('valiente', 'alguien'), ('alguien', 'que'), ('que', 'conoce'), ('conoce', 'de'), ('de', 'cerca'), ('cerca', 'los'), ('los', 'desafíos'), ('desafíos', 'que'), ('que', 'enfrentamos'), ('enfrentamos', 'alguien'), ('alguien', 'que'), ('que', 'no'), ('no', 'retrocede'), ('retrocede', 'ante'), ('ante', 'las'), ('las', 'dificultades'), ('dificultades', 'por'), ('por', 'el'), ('el', 'contrario'), ('contrario', 'las'), ('las', 'encaro'), ('encaro', 'con'), ('con', 'determinación'), ('determinación', 'porque'), ('porque', 'el'), ('el', 'cariño'), ('cariño', 'de'), ('de', 'ustedes'), ('ustedes', 'son'), ('son', 'el'), ('el', 'motor'), ('motor', 'que'), ('que', 'me'), ('me', 'impulsa'), ('impulsa', 'a'), ('a', 'seguir'), ('seguir', 'adelante'), ('adelante', 'la'), ('la', 'unión'), ('unión', 'hace'), ('hace', 'la'), ('la', 'fuerza')]",yo considerar uno líder capaz comprometido y valiente alguien que conocer de cerca el desafío que enfrentar alguien que no retroceder ante el dificultad por el contrario el encaro con determinación porque el cariño de tú ser el motor que yo impulsar a seguir adelante el unión hacer el fuerza,2.9922588159418584e-09
122,agradezco infinitamente el apoyo de quienes como yo anhelan que la 4t llegue a jalisco vamos juntas y juntos en este sueño,"['agradezco', 'infinitamente', 'apoyo', 'anhelan', 'llegue', 'jalisco', 'vamos', 'juntas', 'juntos', 'sueño']","['agradecer', 'infinitamente', 'apoyo', 'anhelar', 't', 'llegar', 'jalisco', 'junto', 'junto', 'sueño']","[('agradezco', 'infinitamente'), ('infinitamente', 'el'), ('el', 'apoyo'), ('apoyo', 'de'), ('de', 'quienes'), ('quienes', 'como'), ('como', 'yo'), ('yo', 'anhelan'), ('anhelan', 'que'), ('que', 'la'), ('la', '4'), ('4', 't'), ('t', 'llegue'), ('llegue', 'a'), ('a', 'jalisco'), ('jalisco', 'vamos'), ('vamos', 'juntas'), ('juntas', 'y'), ('y', 'juntos'), ('juntos', 'en'), ('en', 'este'), ('este', 'sueño')]",agradecer infinitamente el apoyo de quien como yo anhelar que el 4 t llegar a jalisco ir junto y junto en este sueño,0.02298942410196575
125,en el salto encontramos amistad confianza y apoyo para defender juntas y juntos la 4t en jalisco gracias por estar a nuestro lado su confianza y cariño son nuestro motor hagamos historia en jalisco,"['salto', 'encontramos', 'amistad', 'confianza', 'apoyo', 'defender', 'juntas', 'juntos', 'jalisco', 'gracias', 'lado', 'confianza', 'cariño', 'motor', 'hagamos', 'historia', 'jalisco']","['salto', 'encontrar', 'amistad', 'confianza', 'apoyo', 'defender', 'junto', 'junto', 't', 'jalisco', 'gracias', 'confianza', 'cariño', 'motor', 'hacer', 'historia', 'jalisco']","[('en', 'el'), ('el', 'salto'), ('salto', 'encontramos'), ('encontramos', 'amistad'), ('amistad', 'confianza'), ('confianza', 'y'), ('y', 'apoyo'), ('apoyo', 'para'), ('para', 'defender'), ('defender', 'juntas'), ('juntas', 'y'), ('y', 'juntos'), ('juntos', 'la'), ('la', '4'), ('4', 't'), ('t', 'en'), ('en', 'jalisco'), ('jalisco', 'gracias'), ('gracias', 'por'), ('por', 'estar'), ('estar', 'a'), ('a', 'nuestro'), ('nuestro', 'lado'), ('lado', 'su'), ('su', 'confianza'), ('confianza', 'y'), ('y', 'cariño'), ('cariño', 'son'), ('son', 'nuestro'), ('nuestro', 'motor'), ('motor', 'hagamos'), ('hagamos', 'historia'), ('historia', 'en'), ('en', 'jalisco')]",en el salto encontrar amistad confianza y apoyo para defender junto y junto el 4 t en jalisco gracias por estar a nuestro lado su confianza y cariño ser nuestro motor hacer historia en jalisco,0.00708474255392141
128,la honestidad me ha llevado a ganarme el respeto y cariño de las personas no tomo a la ligera sus palabras aquí lo que se promete se cumple,"['honestidad', 'llevado', 'ganarme', 'respeto', 'cariño', 'personas', 'tomo', 'ligera', 'palabras', 'promete', 'cumple']","['honestidad', 'llevar', 'ganar yo', 'respeto', 'cariño', 'persona', 'tomo', 'ligero', 'palabra', 'prometer', 'cumplir']","[('la', 'honestidad'), ('honestidad', 'me'), ('me', 'ha'), ('ha', 'llevado'), ('llevado', 'a'), ('a', 'ganarme'), ('ganarme', 'el'), ('el', 'respeto'), ('respeto', 'y'), ('y', 'cariño'), ('cariño', 'de'), ('de', 'las'), ('las', 'personas'), ('personas', 'no'), ('no', 'tomo'), ('tomo', 'a'), ('a', 'la'), ('la', 'ligera'), ('ligera', 'sus'), ('sus', 'palabras'), ('palabras', 'aquí'), ('aquí', 'lo'), ('lo', 'que'), ('que', 'se'), ('se', 'promete'), ('promete', 'se'), ('se', 'cumple')]",el honestidad yo haber llevar a ganar yo el respeto y cariño de el persona no tomo a el ligero su palabra aquí él que él prometer él cumplir,4.739841027567172e-07
131,me llena de felicidad voltear al pasado y recordar mis inicios en morena siempre impulsados por la honestidad el respeto y el compromiso con el pueblogracias a todos quienes me han acompañado en este camino estamos en la recta final de un largo recorrido en el que hemos trabajado mucho pero estoy convencido de que nos esperan cosas realmente grandes,"['llena', 'felicidad', 'voltear', 'pasado', 'recordar', 'inicios', 'morena', 'siempre', 'impulsados', 'honestidad', 'respeto', 'compromiso', 'pueblogracias', 'acompañado', 'camino', 'recta', 'final', 'largo', 'recorrido', 'trabajado', 'convencido', 'esperan', 'cosas', 'realmente', 'grandes']","['llenar', 'felicidad', 'voltear', 'recordar', 'inicio', 'morena', 'impulsado', 'honestidad', 'respeto', 'compromiso', 'pueblogracia', 'acompañar', 'camino', 'recta', 'recorrido', 'trabajar', 'convencido', 'esperar', 'cosa', 'realmente']","[('me', 'llena'), ('llena', 'de'), ('de', 'felicidad'), ('felicidad', 'voltear'), ('voltear', 'al'), ('al', 'pasado'), ('pasado', 'y'), ('y', 'recordar'), ('recordar', 'mis'), ('mis', 'inicios'), ('inicios', 'en'), ('en', 'morena'), ('morena', 'siempre'), ('siempre', 'impulsados'), ('impulsados', 'por'), ('por', 'la'), ('la', 'honestidad'), ('honestidad', 'el'), ('el', 'respeto'), ('respeto', 'y'), ('y', 'el'), ('el', 'compromiso'), ('compromiso', 'con'), ('con', 'el'), ('el', 'pueblogracias'), ('pueblogracias', 'a'), ('a', 'todos'), ('todos', 'quienes'), ('quienes', 'me'), ('me', 'han'), ('han', 'acompañado'), ('acompañado', 'en'), ('en', 'este'), ('este', 'camino'), ('camino', 'estamos'), ('estamos', 'en'), ('en', 'la'), ('la', 'recta'), ('recta', 'final'), ('final', 'de'), ('de', 'un'), ('un', 'largo'), ('largo', 'recorrido'), ('recorrido', 'en'), ('en', 'el'), ('el', 'que'), ('que', 'hemos'), ('hemos', 'trabajado'), ('trabajado', 'mucho'), ('mucho', 'pero'), ('pero', 'estoy'), ('estoy', 'convencido'), ('convencido', 'de'), ('de', 'que'), ('que', 'nos'), ('nos', 'esperan'), ('esperan', 'cosas'), ('cosas', 'realmente'), ('realmente', 'grandes')]",yo llenar de felicidad voltear al pasado y recordar mi inicio en morena siempre impulsado por el honestidad el respeto y el compromiso con el pueblogracia a todo quien yo haber acompañar en este camino estar en el recta final de uno largo recorrido en el que haber trabajar mucho pero estar convencido de que yo esperar cosa realmente grande,3.26760718680652e-09
134,tuve el honor de pasar un momento muy especial en tlajomulco donde compartí con cientos de personas las razones por las que aspiro a ser el coordinador de los comités de las defensa de la 4t en jaliscogracias por su recibimiento y amistad juntas y juntos haremos que la transformación llegue a jalisco,"['honor', 'pasar', 'momento', 'especial', 'tlajomulco', 'compartí', 'cientos', 'personas', 'razones', 'aspiro', 'coordinador', 'comités', 'defensa', 'jaliscogracias', 'recibimiento', 'amistad', 'juntas', 'juntos', 'haremos', 'transformación', 'llegue', 'jalisco']","['tener', 'honor', 'pasar', 'momento', 'especial', 'tlajomulco', 'compartí', 'ciento', 'persona', 'razón', 'aspirar', 'coordinador', 'comités', 'defensa', 't', 'jaliscogracia', 'recibimiento', 'amistad', 'junto', 'junto', 'hacer', 'transformación', 'llegar', 'jalisco']","[('tuve', 'el'), ('el', 'honor'), ('honor', 'de'), ('de', 'pasar'), ('pasar', 'un'), ('un', 'momento'), ('momento', 'muy'), ('muy', 'especial'), ('especial', 'en'), ('en', 'tlajomulco'), ('tlajomulco', 'donde'), ('donde', 'compartí'), ('compartí', 'con'), ('con', 'cientos'), ('cientos', 'de'), ('de', 'personas'), ('personas', 'las'), ('las', 'razones'), ('razones', 'por'), ('por', 'las'), ('las', 'que'), ('que', 'aspiro'), ('aspiro', 'a'), ('a', 'ser'), ('ser', 'el'), ('el', 'coordinador'), ('coordinador', 'de'), ('de', 'los'), ('los', 'comités'), ('comités', 'de'), ('de', 'las'), ('las', 'defensa'), ('defensa', 'de'), ('de', 'la'), ('la', '4'), ('4', 't'), ('t', 'en'), ('en', 'jaliscogracias'), ('jaliscogracias', 'por'), ('por', 'su'), ('su', 'recibimiento'), ('recibimiento', 'y'), ('y', 'amistad'), ('amistad', 'juntas'), ('juntas', 'y'), ('y', 'juntos'), ('juntos', 'haremos'), ('haremos', 'que'), ('que', 'la'), ('la', 'transformación'), ('transformación', 'llegue'), ('llegue', 'a'), ('a', 'jalisco')]",tener el honor de pasar uno momento mucho especial en tlajomulco donde compartí con ciento de persona el razón por el que aspirar a ser el coordinador de el comités de el defensa de el 4 t en jaliscogracia por su recibimiento y amistad junto y junto hacer que el transformación llegar a jalisco,2.6195417710895725e-05
137,desde inicios de mi carrera mi objetivo siempre ha sido ayudar a las personas que más lo necesitan muchas gracias a quienes me han acompañado en este camino todavía falta mucho por recorrer pero estoy convencido de que vienen cosas muy grandes,"['inicios', 'carrera', 'objetivo', 'siempre', 'sido', 'ayudar', 'personas', 'necesitan', 'muchas', 'gracias', 'acompañado', 'camino', 'todavía', 'falta', 'recorrer', 'convencido', 'vienen', 'cosas', 'grandes']","['inicio', 'carrera', 'objetivo', 'ayudar', 'persona', 'necesitar', 'gracia', 'acompañar', 'camino', 'faltar', 'recorrer', 'convencido', 'venir', 'cosa']","[('desde', 'inicios'), ('inicios', 'de'), ('de', 'mi'), ('mi', 'carrera'), ('carrera', 'mi'), ('mi', 'objetivo'), ('objetivo', 'siempre'), ('siempre', 'ha'), ('ha', 'sido'), ('sido', 'ayudar'), ('ayudar', 'a'), ('a', 'las'), ('las', 'personas'), ('personas', 'que'), ('que', 'más'), ('más', 'lo'), ('lo', 'necesitan'), ('necesitan', 'muchas'), ('muchas', 'gracias'), ('gracias', 'a'), ('a', 'quienes'), ('quienes', 'me'), ('me', 'han'), ('han', 'acompañado'), ('acompañado', 'en'), ('en', 'este'), ('este', 'camino'), ('camino', 'todavía'), ('todavía', 'falta'), ('falta', 'mucho'), ('mucho', 'por'), ('por', 'recorrer'), ('recorrer', 'pero'), ('pero', 'estoy'), ('estoy', 'convencido'), ('convencido', 'de'), ('de', 'que'), ('que', 'vienen'), ('vienen', 'cosas'), ('cosas', 'muy'), ('muy', 'grandes')]",desde inicio de mi carrera mi objetivo siempre haber ser ayudar a el persona que más él necesitar mucho gracia a quien yo haber acompañar en este camino todavía faltar mucho por recorrer pero estar convencido de que venir cosa mucho grande,9.994726142119127e-08
140,hoy nuestra compañera   rindió su segundo informe como diputada de jalisco quiero expresar mi profunda admiración por sus incansables esfuerzos en la lucha por la igualdad y la justicia socialmaría es un ejemplo de valentía y compromiso para todas y todos todo nuestro apoyo en tu segundo informe,"['compañera', 'rindió', 'segundo', 'informe', 'diputada', 'jalisco', 'quiero', 'expresar', 'profunda', 'admiración', 'incansables', 'esfuerzos', 'lucha', 'igualdad', 'justicia', 'socialmaría', 'ejemplo', 'valentía', 'compromiso', 'todas', 'apoyo', 'segundo', 'informe']","['compañera', 'rendir', 'informe', 'diputada', 'jalisco', 'quiero', 'expresar', 'profundo', 'admiración', 'incansable', 'esfuerzo', 'lucha', 'igualdad', 'justicia', 'socialmacer', 'ejemplo', 'valentía', 'compromiso', 'apoyo', 'informe']","[('hoy', 'nuestra'), ('nuestra', 'compañera'), ('compañera', '  '), ('  ', 'rindió'), ('rindió', 'su'), ('su', 'segundo'), ('segundo', 'informe'), ('informe', 'como'), ('como', 'diputada'), ('diputada', 'de'), ('de', 'jalisco'), ('jalisco', 'quiero'), ('quiero', 'expresar'), ('expresar', 'mi'), ('mi', 'profunda'), ('profunda', 'admiración'), ('admiración', 'por'), ('por', 'sus'), ('sus', 'incansables'), ('incansables', 'esfuerzos'), ('esfuerzos', 'en'), ('en', 'la'), ('la', 'lucha'), ('lucha', 'por'), ('por', 'la'), ('la', 'igualdad'), ('igualdad', 'y'), ('y', 'la'), ('la', 'justicia'), ('justicia', 'socialmaría'), ('socialmaría', 'es'), ('es', 'un'), ('un', 'ejemplo'), ('ejemplo', 'de'), ('de', 'valentía'), ('valentía', 'y'), ('y', 'compromiso'), ('compromiso', 'para'), ('para', 'todas'), ('todas', 'y'), ('y', 'todos'), ('todos', 'todo'), ('todo', 'nuestro'), ('nuestro', 'apoyo'), ('apoyo', 'en'), ('en', 'tu'), ('tu', 'segundo'), ('segundo', 'informe')]",hoy nuestro compañera    rendir su segundo informe como diputada de jalisco quiero expresar mi profundo admiración por su incansable esfuerzo en el lucha por el igualdad y el justicia socialmacer ser uno ejemplo de valentía y compromiso para todo y todo todo nuestro apoyo en tu segundo informe,1.2091560842525665e-05
143,hoy como cada 25 del mes conmemoramos el día para generar conciencia y prevenir la violencia contra mujeres y niñas es un día para reflexionar sobre nuestras accionesjuntas y juntos hagamos un llamado a la paz y al respeto hoy y todos los días,"['cada', 'mes', 'conmemoramos', 'generar', 'conciencia', 'prevenir', 'violencia', 'mujeres', 'niñas', 'reflexionar', 'accionesjuntas', 'juntos', 'hagamos', 'llamado', 'paz', 'respeto', 'días']","['mes', 'conmemorar', 'generar', 'conciencia', 'prevenir', 'violencia', 'mujer', 'niña', 'reflexionar', 'accionesjunta', 'junto', 'hacer', 'llamado', 'paz', 'respeto']","[('hoy', 'como'), ('como', 'cada'), ('cada', '25'), ('25', 'del'), ('del', 'mes'), ('mes', 'conmemoramos'), ('conmemoramos', 'el'), ('el', 'día'), ('día', 'para'), ('para', 'generar'), ('generar', 'conciencia'), ('conciencia', 'y'), ('y', 'prevenir'), ('prevenir', 'la'), ('la', 'violencia'), ('violencia', 'contra'), ('contra', 'mujeres'), ('mujeres', 'y'), ('y', 'niñas'), ('niñas', 'es'), ('es', 'un'), ('un', 'día'), ('día', 'para'), ('para', 'reflexionar'), ('reflexionar', 'sobre'), ('sobre', 'nuestras'), ('nuestras', 'accionesjuntas'), ('accionesjuntas', 'y'), ('y', 'juntos'), ('juntos', 'hagamos'), ('hagamos', 'un'), ('un', 'llamado'), ('llamado', 'a'), ('a', 'la'), ('la', 'paz'), ('paz', 'y'), ('y', 'al'), ('al', 'respeto'), ('respeto', 'hoy'), ('hoy', 'y'), ('y', '\xa0'), ('\xa0', 'todos'), ('todos', '\xa0'), ('\xa0', 'los'), ('los', '\xa0'), ('\xa0', 'días')]",hoy como cada 25 del mes conmemorar el día para generar conciencia y prevenir el violencia contra mujer y niña ser uno día para reflexionar sobre nuestro accionesjunta y junto hacer uno llamado a el paz y al respeto hoy y   todo   el   día,1.8448478473216397e-06
146,han sido casi 20 años de lucha esfuerzo y dedicación somos tercos y para lograr una verdadera transformación se requiere carácter y valentía es un honor estar con ustedes y recibir tanto cariño esto lo hacemos juntos,"['sido', 'casi', 'años', 'lucha', 'esfuerzo', 'dedicación', 'tercos', 'lograr', 'verdadera', 'transformación', 'requiere', 'carácter', 'valentía', 'honor', 'ustedes', 'recibir', 'cariño', 'hacemos', 'juntos']","['año', 'lucha', 'esfuerzo', 'dedicación', 'terco', 'lograr', 'transformación', 'requerir', 'carácter', 'valentía', 'honor', 'recibir', 'cariño', 'junto']","[('han', 'sido'), ('sido', 'casi'), ('casi', '20'), ('20', 'años'), ('años', 'de'), ('de', 'lucha'), ('lucha', 'esfuerzo'), ('esfuerzo', 'y'), ('y', 'dedicación'), ('dedicación', 'somos'), ('somos', 'tercos'), ('tercos', 'y'), ('y', 'para'), ('para', 'lograr'), ('lograr', 'una'), ('una', 'verdadera'), ('verdadera', 'transformación'), ('transformación', 'se'), ('se', 'requiere'), ('requiere', 'carácter'), ('carácter', 'y'), ('y', 'valentía'), ('valentía', 'es'), ('es', 'un'), ('un', 'honor'), ('honor', 'estar'), ('estar', 'con'), ('con', 'ustedes'), ('ustedes', 'y'), ('y', 'recibir'), ('recibir', 'tanto'), ('tanto', 'cariño'), ('cariño', 'esto'), ('esto', 'lo'), ('lo', 'hacemos'), ('hacemos', 'juntos')]",haber ser casi 20 año de lucha esfuerzo y dedicación ser terco y para lograr uno verdadero transformación él requerir carácter y valentía ser uno honor estar con tú y recibir tanto cariño este él hacer junto,7.717889647936653e-05
149,mi único camino es la honestidad y el amor por nuestra gente,"['único', 'camino', 'honestidad', 'amor', 'gente']","['único', 'camino', 'honestidad', 'amor', 'gente']","[('mi', 'único'), ('único', 'camino'), ('camino', 'es'), ('es', 'la'), ('la', 'honestidad'), ('honestidad', 'y'), ('y', 'el'), ('el', 'amor'), ('amor', 'por'), ('por', 'nuestra'), ('nuestra', 'gente')]",mi único camino ser el honestidad y el amor por nuestro gente,0.08791895499152487
152,para quienes tenemos esta vocación y dedicamos nuestra vida a esta hermosa profesión sabemos que ser médico va más allá de tener un título es un compromiso una promesa de cuidar la salud y el bienestar de las personasen este día del médico celebremos la valentía el compromiso y los valores humanos que cada médico aporta a la sociedad a todos mis colegas feliz día,"['vocación', 'dedicamos', 'vida', 'hermosa', 'profesión', 'sabemos', 'médico', 'allá', 'tener', 'título', 'compromiso', 'promesa', 'cuidar', 'salud', 'bienestar', 'personasen', 'médico', 'celebremos', 'valentía', 'compromiso', 'valores', 'humanos', 'cada', 'médico', 'aporta', 'sociedad', 'colegas', 'feliz']","['vocación', 'dedicar', 'vida', 'hermoso', 'profesión', 'médico', 'allá', 'título', 'compromiso', 'promesa', 'cuidar', 'salud', 'bienestar', 'personar', 'médico', 'celebrar', 'valentía', 'compromiso', 'valor', 'humano', 'médico', 'aportar', 'sociedad', 'colega', 'feliz']","[('para', 'quienes'), ('quienes', 'tenemos'), ('tenemos', 'esta'), ('esta', 'vocación'), ('vocación', 'y'), ('y', 'dedicamos'), ('dedicamos', 'nuestra'), ('nuestra', 'vida'), ('vida', 'a'), ('a', 'esta'), ('esta', 'hermosa'), ('hermosa', 'profesión'), ('profesión', 'sabemos'), ('sabemos', 'que'), ('que', 'ser'), ('ser', 'médico'), ('médico', 'va'), ('va', 'más'), ('más', 'allá'), ('allá', 'de'), ('de', 'tener'), ('tener', 'un'), ('un', 'título'), ('título', 'es'), ('es', 'un'), ('un', 'compromiso'), ('compromiso', 'una'), ('una', 'promesa'), ('promesa', 'de'), ('de', 'cuidar'), ('cuidar', 'la'), ('la', 'salud'), ('salud', 'y'), ('y', 'el'), ('el', 'bienestar'), ('bienestar', 'de'), ('de', 'las'), ('las', 'personasen'), ('personasen', 'este'), ('este', 'día'), ('día', 'del'), ('del', 'médico'), ('médico', 'celebremos'), ('celebremos', 'la'), ('la', 'valentía'), ('valentía', 'el'), ('el', 'compromiso'), ('compromiso', 'y'), ('y', 'los'), ('los', 'valores'), ('valores', 'humanos'), ('humanos', 'que'), ('que', 'cada'), ('cada', 'médico'), ('médico', 'aporta'), ('aporta', 'a'), ('a', 'la'), ('la', 'sociedad'), ('sociedad', 'a'), ('a', 'todos'), ('todos', 'mis'), ('mis', 'colegas'), ('colegas', 'feliz'), ('feliz', 'día')]",para quien tener este vocación y dedicar nuestro vida a este hermoso profesión saber que ser médico ir más allá de tener uno título ser uno compromiso uno promesa de cuidar el salud y el bienestar de el personar este día del médico celebrar el valentía el compromiso y el valor humano que cada médico aportar a el sociedad a todo mi colega feliz día,0.0002483098480459369
155,los grandes resultados se logran cuando trabajamos juntos en equipo con valores sólidos y un compromiso inquebrantable por el bienestar de jalisco y de sus habitantes sigamos construyendo un mejor futuro para todas y todos,"['grandes', 'resultados', 'logran', 'trabajamos', 'juntos', 'equipo', 'valores', 'sólidos', 'compromiso', 'inquebrantable', 'bienestar', 'jalisco', 'habitantes', 'sigamos', 'construyendo', 'mejor', 'futuro', 'todas']","['resultado', 'lograr', 'trabajar', 'junto', 'equipo', 'valor', 'sólido', 'compromiso', 'inquebrantable', 'bienestar', 'jalisco', 'habitante', 'sigar', 'construir', 'futuro']","[('los', 'grandes'), ('grandes', 'resultados'), ('resultados', 'se'), ('se', 'logran'), ('logran', 'cuando'), ('cuando', 'trabajamos'), ('trabajamos', 'juntos'), ('juntos', 'en'), ('en', 'equipo'), ('equipo', 'con'), ('con', 'valores'), ('valores', 'sólidos'), ('sólidos', 'y'), ('y', 'un'), ('un', 'compromiso'), ('compromiso', 'inquebrantable'), ('inquebrantable', 'por'), ('por', 'el'), ('el', 'bienestar'), ('bienestar', 'de'), ('de', 'jalisco'), ('jalisco', 'y'), ('y', 'de'), ('de', 'sus'), ('sus', 'habitantes'), ('habitantes', 'sigamos'), ('sigamos', 'construyendo'), ('construyendo', 'un'), ('un', 'mejor'), ('mejor', 'futuro'), ('futuro', 'para'), ('para', 'todas'), ('todas', 'y'), ('y', 'todos')]",el grande resultado él lograr cuando trabajar junto en equipo con valor sólido y uno compromiso inquebrantable por el bienestar de jalisco y de su habitante sigar construir uno mejor futuro para todo y todo,0.09560161917623834
158,llevo 20 años caminando los senderos de jalisco y cada día estoy más orgulloso de ser de aquí,"['llevo', 'años', 'caminando', 'senderos', 'jalisco', 'cada', 'orgulloso']","['llevar', 'año', 'caminar', 'sendero', 'jalisco', 'orgulloso']","[('llevo', '20'), ('20', 'años'), ('años', 'caminando'), ('caminando', 'los'), ('los', 'senderos'), ('senderos', 'de'), ('de', 'jalisco'), ('jalisco', 'y'), ('y', 'cada'), ('cada', 'día'), ('día', 'estoy'), ('estoy', 'más'), ('más', 'orgulloso'), ('orgulloso', 'de'), ('de', 'ser'), ('ser', 'de'), ('de', 'aquí')]",llevar 20 año caminar el sendero de jalisco y cada día estar más orgulloso de ser de aquí,0.021067584963722855
161,resolvamos esto de una vez por todas cuáles son las mejores tortas ahogadas de guadalajara,"['resolvamos', 'vez', 'todas', 'cuáles', 'mejores', 'tortas', 'ahogadas', 'guadalajara']","['resolir', 'mejor', 'torta', 'ahogada', 'guadalajara']","[('resolvamos', 'esto'), ('esto', 'de'), ('de', 'una'), ('una', 'vez'), ('vez', 'por'), ('por', 'todas'), ('todas', 'cuáles'), ('cuáles', 'son'), ('son', 'las'), ('las', 'mejores'), ('mejores', 'tortas'), ('tortas', 'ahogadas'), ('ahogadas', 'de'), ('de', 'guadalajara')]",resolir este de uno vez por todo cuál ser el mejor torta ahogada de guadalajara,0.08783067168744352
164,hoy me di una vuelta por el hermoso barrio de mexicaltzingo para saborear una deliciosa torta ahogada de don josé el de la bicicleta gustan,"['di', 'vuelta', 'hermoso', 'barrio', 'mexicaltzingo', 'saborear', 'deliciosa', 'torta', 'ahogada', 'don', 'josé', 'bicicleta', 'gustan']","['dar', 'vuelta', 'hermoso', 'barrio', 'mexicaltzingo', 'saborear', 'deliciós', 'torta', 'ahogado', 'don', 'josé', 'bicicleta', 'gustar']","[('hoy', 'me'), ('me', 'di'), ('di', 'una'), ('una', 'vuelta'), ('vuelta', 'por'), ('por', 'el'), ('el', 'hermoso'), ('hermoso', 'barrio'), ('barrio', 'de'), ('de', 'mexicaltzingo'), ('mexicaltzingo', 'para'), ('para', 'saborear'), ('saborear', 'una'), ('una', 'deliciosa'), ('deliciosa', 'torta'), ('torta', 'ahogada'), ('ahogada', 'de'), ('de', 'don'), ('don', 'josé'), ('josé', 'el'), ('el', 'de'), ('de', 'la'), ('la', 'bicicleta'), ('bicicleta', 'gustan')]",hoy yo dar uno vuelta por el hermoso barrio de mexicaltzingo para saborear uno deliciós torta ahogado de don josé el de el bicicleta gustar,0.025601604451528964
167,profundamente agradecido con el cariño y apoyo que me han brindado hoy en tlaquepaque para poder lograr ser el coordinador de los comités de la defensa de la 4t en jalisco amor con amor se paga,"['profundamente', 'agradecido', 'cariño', 'apoyo', 'brindado', 'tlaquepaque', 'poder', 'lograr', 'coordinador', 'comités', 'defensa', 'jalisco', 'amor', 'amor', 'paga']","['profundamente', 'agradecido', 'cariño', 'apoyo', 'brindar', 'tlaquepaque', 'lograr', 'coordinador', 'comités', 'defensa', 't', 'jalisco', 'amor', 'amor', 'pagar']","[('profundamente', 'agradecido'), ('agradecido', 'con'), ('con', 'el'), ('el', 'cariño'), ('cariño', 'y'), ('y', 'apoyo'), ('apoyo', 'que'), ('que', 'me'), ('me', 'han'), ('han', 'brindado'), ('brindado', 'hoy'), ('hoy', 'en'), ('en', 'tlaquepaque'), ('tlaquepaque', 'para'), ('para', 'poder'), ('poder', 'lograr'), ('lograr', 'ser'), ('ser', 'el'), ('el', 'coordinador'), ('coordinador', 'de'), ('de', 'los'), ('los', 'comités'), ('comités', 'de'), ('de', 'la'), ('la', 'defensa'), ('defensa', 'de'), ('de', 'la'), ('la', '4'), ('4', 't'), ('t', 'en'), ('en', 'jalisco'), ('jalisco', 'amor'), ('amor', 'con'), ('con', 'amor'), ('amor', 'se'), ('se', 'paga')]",profundamente agradecido con el cariño y apoyo que yo haber brindar hoy en tlaquepaque para poder lograr ser el coordinador de el comités de el defensa de el 4 t en jalisco amor con amor él pagar,8.439374820141229e-07
170,las mujeres de méxico ya han roto el techo de cristal quienes militamos en este movimiento seguiremos apoyando su derecho a alcanzar sus aspiraciones y sueños,"['mujeres', 'méxico', 'roto', 'techo', 'cristal', 'militamos', 'movimiento', 'seguiremos', 'apoyando', 'derecho', 'alcanzar', 'aspiraciones', 'sueños']","['mujer', 'méxico', 'romper', 'techo', 'cristal', 'militar', 'movimiento', 'seguir', 'apoyar', 'derecho', 'alcanzar', 'aspiración', 'sueño']","[('las', 'mujeres'), ('mujeres', 'de'), ('de', 'méxico'), ('méxico', 'ya'), ('ya', 'han'), ('han', 'roto'), ('roto', 'el'), ('el', 'techo'), ('techo', 'de'), ('de', 'cristal'), ('cristal', 'quienes'), ('quienes', 'militamos'), ('militamos', 'en'), ('en', 'este'), ('este', 'movimiento'), ('movimiento', 'seguiremos'), ('seguiremos', 'apoyando'), ('apoyando', 'su'), ('su', 'derecho'), ('derecho', 'a'), ('a', 'alcanzar'), ('alcanzar', 'sus'), ('sus', 'aspiraciones'), ('aspiraciones', 'y'), ('y', 'sueños')]",el mujer de méxico ya haber romper el techo de cristal quien militar en este movimiento seguir apoyar su derecho a alcanzar su aspiración y sueño,0.011254772559374359
173,cuando uno sale del barrio pero el barrio no sale de ticascarita mañanera antes de entrar a entrevista con,"['sale', 'barrio', 'barrio', 'sale', 'ticascarita', 'mañanera', 'entrar', 'entrevista']","['salir', 'barrio', 'barrio', 'salir', 'ticascarita', 'mañanero', 'entrar', 'entrevista']","[('cuando', 'uno'), ('uno', 'sale'), ('sale', 'del'), ('del', 'barrio'), ('barrio', 'pero'), ('pero', 'el'), ('el', 'barrio'), ('barrio', 'no'), ('no', 'sale'), ('sale', 'de'), ('de', 'ticascarita'), ('ticascarita', 'mañanera'), ('mañanera', 'antes'), ('antes', 'de'), ('de', 'entrar'), ('entrar', 'a'), ('a', 'entrevista'), ('entrevista', 'con')]",cuando uno salir del barrio pero el barrio no salir de ticascarita mañanero antes de entrar a entrevista con,0.008897011341417115
176,en el día internacional de la lucha contra el cáncer de mama como médico y ser humano quiero unirme a esta causa crucial admiro profundamente la valentía de quienes enfrentan esta batalla la detección temprana es esencial en esta lucha invito a todas las jaliscienses a cuidar de su salud y programar revisiones regulares y juntos luchamos contra esa enfermedad,"['internacional', 'lucha', 'cáncer', 'mama', 'médico', 'humano', 'quiero', 'unirme', 'causa', 'crucial', 'admiro', 'profundamente', 'valentía', 'enfrentan', 'batalla', 'detección', 'temprana', 'esencial', 'lucha', 'invito', 'todas', 'jaliscienses', 'cuidar', 'salud', 'programar', 'revisiones', 'regulares', 'juntos', 'luchamos', 'enfermedad']","['internacional', 'lucha', 'cáncer', 'mama', 'médico', 'humano', 'querer', 'unir yo', 'causa', 'crucial', 'admiro', 'profundamente', 'valentía', 'enfrentar', 'batalla', 'detección', 'temprano', 'esencial', 'lucha', 'invito', 'jalisciens', 'cuidar', 'salud', 'programar', 'revisión', 'regular', 'junto', 'luchar', 'enfermedad']","[('en', 'el'), ('el', 'día'), ('día', 'internacional'), ('internacional', 'de'), ('de', 'la'), ('la', 'lucha'), ('lucha', 'contra'), ('contra', 'el'), ('el', 'cáncer'), ('cáncer', 'de'), ('de', 'mama'), ('mama', 'como'), ('como', 'médico'), ('médico', 'y'), ('y', 'ser'), ('ser', 'humano'), ('humano', 'quiero'), ('quiero', 'unirme'), ('unirme', 'a'), ('a', 'esta'), ('esta', 'causa'), ('causa', 'crucial'), ('crucial', 'admiro'), ('admiro', 'profundamente'), ('profundamente', 'la'), ('la', 'valentía'), ('valentía', 'de'), ('de', 'quienes'), ('quienes', 'enfrentan'), ('enfrentan', 'esta'), ('esta', 'batalla'), ('batalla', 'la'), ('la', 'detección'), ('detección', 'temprana'), ('temprana', 'es'), ('es', 'esencial'), ('esencial', 'en'), ('en', 'esta'), ('esta', 'lucha'), ('lucha', 'invito'), ('invito', 'a'), ('a', 'todas'), ('todas', 'las'), ('las', 'jaliscienses'), ('jaliscienses', 'a'), ('a', 'cuidar'), ('cuidar', 'de'), ('de', 'su'), ('su', 'salud'), ('salud', 'y'), ('y', 'programar'), ('programar', 'revisiones'), ('revisiones', 'regulares'), ('regulares', 'y'), ('y', 'juntos'), ('juntos', 'luchamos'), ('luchamos', 'contra'), ('contra', 'esa'), ('esa', 'enfermedad')]",en el día internacional de el lucha contra el cáncer de mama como médico y ser humano querer unir yo a este causa crucial admiro profundamente el valentía de quien enfrentar este batalla el detección temprano ser esencial en este lucha invito a todo el jalisciens a cuidar de su salud y programar revisión regular y junto luchar contra ese enfermedad,7.877200313653264e-05
179,quiero agradecer de corazón a la dra claudia sheinbaum  por ser parte de mi libro su historia es una inspiración desde sus días como una estudiante comprometida y una oradora apasionada hasta su papel crucial en las luchas estudiantiles de los años 70 y 80 claudia es un verdadero ejemplo de capacidad y dedicación admiro profundamente su liderazgo y su incansable esfuerzo en favor del pueblo como bien menciona arturo cano en su libro con personas como claudia sabemos que es posible sigamos trabajando juntos para un méxico mejor,"['quiero', 'agradecer', 'corazón', 'claudia', 'sheinbaum', 'parte', 'libro', 'historia', 'inspiración', 'días', 'estudiante', 'comprometida', 'oradora', 'apasionada', 'papel', 'crucial', 'luchas', 'estudiantiles', 'años', 'claudia', 'verdadero', 'ejemplo', 'capacidad', 'dedicación', 'admiro', 'profundamente', 'liderazgo', 'incansable', 'esfuerzo', 'favor', 'pueblo', 'bien', 'menciona', 'arturo', 'cano', 'libro', 'personas', 'claudia', 'sabemos', 'posible', 'sigamos', 'trabajando', 'juntos', 'méxico', 'mejor']","['querer', 'agradecer', 'corazón', 'dra', 'claudia', 'sheinbaum', 'libro', 'historia', 'inspiración', 'estudiante', 'comprometido', 'oradoro', 'apasionado', 'papel', 'crucial', 'lucha', 'estudiantil', 'año', 'claudia', 'ejemplo', 'capacidad', 'dedicación', 'admirar', 'profundamente', 'liderazgo', 'incansable', 'esfuerzo', 'favor', 'pueblo', 'mencionar', 'arturo', 'cano', 'libro', 'persona', 'claudia', 'sigar', 'trabajar', 'junto', 'méxico']","[('quiero', 'agradecer'), ('agradecer', 'de'), ('de', 'corazón'), ('corazón', 'a'), ('a', 'la'), ('la', 'dra'), ('dra', 'claudia'), ('claudia', 'sheinbaum'), ('sheinbaum', ' '), (' ', 'por'), ('por', 'ser'), ('ser', 'parte'), ('parte', 'de'), ('de', 'mi'), ('mi', 'libro'), ('libro', 'su'), ('su', 'historia'), ('historia', 'es'), ('es', 'una'), ('una', 'inspiración'), ('inspiración', 'desde'), ('desde', 'sus'), ('sus', 'días'), ('días', 'como'), ('como', 'una'), ('una', 'estudiante'), ('estudiante', 'comprometida'), ('comprometida', 'y'), ('y', 'una'), ('una', 'oradora'), ('oradora', 'apasionada'), ('apasionada', 'hasta'), ('hasta', 'su'), ('su', 'papel'), ('papel', 'crucial'), ('crucial', 'en'), ('en', 'las'), ('las', 'luchas'), ('luchas', 'estudiantiles'), ('estudiantiles', 'de'), ('de', 'los'), ('los', 'años'), ('años', '70'), ('70', 'y'), ('y', '80'), ('80', 'claudia'), ('claudia', 'es'), ('es', 'un'), ('un', 'verdadero'), ('verdadero', 'ejemplo'), ('ejemplo', 'de'), ('de', 'capacidad'), ('capacidad', 'y'), ('y', 'dedicación'), ('dedicación', 'admiro'), ('admiro', 'profundamente'), ('profundamente', 'su'), ('su', 'liderazgo'), ('liderazgo', 'y'), ('y', 'su'), ('su', 'incansable'), ('incansable', 'esfuerzo'), ('esfuerzo', 'en'), ('en', 'favor'), ('favor', 'del'), ('del', 'pueblo'), ('pueblo', 'como'), ('como', 'bien'), ('bien', 'menciona'), ('menciona', 'arturo'), ('arturo', 'cano'), ('cano', 'en'), ('en', 'su'), ('su', 'libro'), ('libro', 'con'), ('con', 'personas'), ('personas', 'como'), ('como', 'claudia'), ('claudia', 'sabemos'), ('sabemos', 'que'), ('que', 'es'), ('es', 'posible'), ('posible', 'sigamos'), ('sigamos', 'trabajando'), ('trabajando', 'juntos'), ('juntos', 'para'), ('para', 'un'), ('un', 'méxico'), ('méxico', 'mejor')]",querer agradecer de corazón a el dra claudia sheinbaum   por ser parte de mi libro su historia ser uno inspiración desde su día como uno estudiante comprometido y uno oradoro apasionado hasta su papel crucial en el lucha estudiantil de el año 70 y 80 claudia ser uno verdadero ejemplo de capacidad y dedicación admirar profundamente su liderazgo y su incansable esfuerzo en favor del pueblo como bien mencionar arturo cano en su libro con persona como claudia saber que ser posible sigar trabajar junto para uno méxico mejor,6.022357777719904e-10
182,trabajo todos los días para cumplirle a la gente que me da el regalo más valioso su confianza y amistad,"['trabajo', 'días', 'cumplirle', 'gente', 'regalo', 'valioso', 'confianza', 'amistad']","['trabajar', 'cumplir él', 'gente', 'regalo', 'valioso', 'confianza', 'amistad']","[('trabajo', 'todos'), ('todos', 'los'), ('los', 'días'), ('días', 'para'), ('para', 'cumplirle'), ('cumplirle', 'a'), ('a', 'la'), ('la', 'gente'), ('gente', 'que'), ('que', 'me'), ('me', 'da'), ('da', 'el'), ('el', 'regalo'), ('regalo', 'más'), ('más', 'valioso'), ('valioso', 'su'), ('su', 'confianza'), ('confianza', 'y'), ('y', 'amistad')]",trabajar todo el día para cumplir él a el gente que yo dar el regalo más valioso su confianza y amistad,0.0024488971593304575
185,los sonidos de jalisco enamoran a todo méxico viva jalisco viva el mariachi,"['sonidos', 'jalisco', 'enamoran', 'méxico', 'viva', 'jalisco', 'viva', 'mariachi']","['sonido', 'jalisco', 'enamorar', 'méxico', 'vivo', 'jalisco', 'viva', 'mariachi']","[('los', 'sonidos'), ('sonidos', 'de'), ('de', 'jalisco'), ('jalisco', 'enamoran'), ('enamoran', 'a'), ('a', 'todo'), ('todo', 'méxico'), ('méxico', 'viva'), ('viva', 'jalisco'), ('jalisco', 'viva'), ('viva', 'el'), ('el', 'mariachi')]",el sonido de jalisco enamorar a todo méxico vivo jalisco viva el mariachi,0.4545194658686768
188,alguna vez mi madre me dijo que la confianza es difícil de ganar porque se sostiene con nuestro diario actuar veamos este nuevo día como una oportunidad para estar a la altura de nuestros dichos,"['alguna', 'vez', 'madre', 'dijo', 'confianza', 'difícil', 'ganar', 'sostiene', 'diario', 'actuar', 'veamos', 'nuevo', 'oportunidad', 'altura', 'dichos']","['madre', 'confianza', 'difícil', 'ganar', 'sostener', 'diario', 'actuar', 'vear', 'oportunidad', 'altura', 'dicho']","[('alguna', 'vez'), ('vez', 'mi'), ('mi', 'madre'), ('madre', 'me'), ('me', 'dijo'), ('dijo', 'que'), ('que', 'la'), ('la', 'confianza'), ('confianza', 'es'), ('es', 'difícil'), ('difícil', 'de'), ('de', 'ganar'), ('ganar', 'porque'), ('porque', 'se'), ('se', 'sostiene'), ('sostiene', 'con'), ('con', 'nuestro'), ('nuestro', 'diario'), ('diario', 'actuar'), ('actuar', 'veamos'), ('veamos', 'este'), ('este', 'nuevo'), ('nuevo', 'día'), ('día', 'como'), ('como', 'una'), ('una', 'oportunidad'), ('oportunidad', 'para'), ('para', 'estar'), ('estar', 'a'), ('a', 'la'), ('la', 'altura'), ('altura', 'de'), ('de', 'nuestros'), ('nuestros', 'dichos')]",alguno vez mi madre yo decir que el confianza ser difícil de ganar porque él sostener con nuestro diario actuar vear este nuevo día como uno oportunidad para estar a el altura de nuestro dicho,6.405774081809092e-13
191,para ganarse el respeto y la confianza de las personas hay que trabajar con honestidad e integridadagradezco profundamente a todos los que me acompañan en esta ardua labor les deseo un excelente inicio de semana a todas y todos,"['ganarse', 'respeto', 'confianza', 'personas', 'trabajar', 'honestidad', 'integridadagradezco', 'profundamente', 'acompañan', 'ardua', 'labor', 'deseo', 'excelente', 'inicio', 'semana', 'todas']","['ganar él', 'respeto', 'confianza', 'persona', 'trabajar', 'honestidad', 'integridadagradezco', 'profundamente', 'acompañar', 'ardua', 'labor', 'desear', 'excelente', 'inicio', 'semana']","[('para', 'ganarse'), ('ganarse', 'el'), ('el', 'respeto'), ('respeto', 'y'), ('y', 'la'), ('la', 'confianza'), ('confianza', 'de'), ('de', 'las'), ('las', 'personas'), ('personas', 'hay'), ('hay', 'que'), ('que', 'trabajar'), ('trabajar', 'con'), ('con', 'honestidad'), ('honestidad', 'e'), ('e', 'integridadagradezco'), ('integridadagradezco', 'profundamente'), ('profundamente', 'a'), ('a', 'todos'), ('todos', 'los'), ('los', 'que'), ('que', 'me'), ('me', 'acompañan'), ('acompañan', 'en'), ('en', 'esta'), ('esta', 'ardua'), ('ardua', 'labor'), ('labor', 'les'), ('les', 'deseo'), ('deseo', 'un'), ('un', 'excelente'), ('excelente', 'inicio'), ('inicio', 'de'), ('de', 'semana'), ('semana', 'a'), ('a', 'todas'), ('todas', 'y'), ('y', 'todos')]",para ganar él el respeto y el confianza de el persona haber que trabajar con honestidad e integridadagradezco profundamente a todo el que yo acompañar en este ardua labor él desear uno excelente inicio de semana a todo y todo,0.02139741020808396
