,texto,tokens,sentimiento
2,trabajar por más de una década en favor de las causas de las y los chiapanecos ha sido un enorme privilegio en estos cinco años como la única mujer senadora de la entidad he recibido el cariño de mi gente y ello me ha inspirado para seguir transformando a chiapas,"['trabajar', 'por', 'más', 'de', 'una', 'década', 'en', 'favor', 'de', 'las', 'causas', 'de', 'las', 'y', 'los', 'chiapanecos', 'ha', 'sido', 'un', 'enorme', 'privilegio', 'en', 'estos', 'cinco', 'años', 'como', 'la', 'única', 'mujer', 'senadora', 'de', 'la', 'entidad', 'he', 'recibido', 'el', 'cariño', 'de', 'mi', 'gente', 'y', 'ello', 'me', 'ha', 'inspirado', 'para', 'seguir', 'transformando', 'a', 'chiapas']",0.7579
6,por la continuidad de la transformación en chiapasvamos al llamado histórico e inédito de nuestro movimiento,"['por', 'la', 'continuidad', 'de', 'la', 'transformación', 'en', 'chiapas', 'vamos', 'al', 'llamado', 'histórico', 'e', 'inédito', 'de', 'nuestro', 'movimiento']",0.0
9,cuando me pregunten si me registraré habrán señales,"['cuando', 'me', 'pregunten', 'si', 'me', 'registraré', 'habrán', 'señales']",0.0
12,estamos firmemente convencidas y convencidos de que es el tiempo de las mujeres hemos demostrado que tenemos la capacidad que tenemos voz que sabemos gobernar mejor y que juntas somos más fuertes chiapas está listo para tener su primera gobernadora así como méxico está listo para tener a su primera presidenta con la dra  en entrevista para milenio con  hablamos de mi próximo registro para ser la coordinadora de los comités de defensa de la cuarta transformación en chiapas ahora el pueblo elige,"['estamos', 'firmemente', 'convencidas', 'y', 'convencidos', 'de', 'que', 'es', 'el', 'tiempo', 'de', 'las', 'mujeres', 'hemos', 'demostrado', 'que', 'tenemos', 'la', 'capacidad', 'que', 'tenemos', 'voz', 'que', 'sabemos', 'gobernar', 'mejor', 'y', 'que', 'juntas', 'somos', 'más', 'fuertes', 'chiapas', 'está', 'listo', 'para', 'tener', 'su', 'primera', 'gobernadora', 'así', 'como', 'méxico', 'está', 'listo', 'para', 'tener', 'a', 'su', 'primera', 'presidenta', 'con', 'la', 'dra', 'en', 'entrevista', 'para', 'milenio', 'con', 'hablamos', 'de', 'mi', 'próximo', 'registro', 'para', 'ser', 'la', 'coordinadora', 'de', 'los', 'comités', 'de', 'defensa', 'de', 'la', 'cuarta', 'transformación', 'en', 'chiapas', 'ahora', 'el', 'pueblo', 'elige']",0.0
15,bien lo dice la dra   la transformación es amor y alegría y en chiapas lo sabemos bien en su primera visita la recibimos con esta hermosa pieza elaborada por mujeres que saben que la cuarta transformación es con nosotras hoy la lleva puesta y en el corazón la llevamos nosotros ,"['bien', 'lo', 'dice', 'la', 'dra', 'la', 'transformación', 'es', 'amor', 'y', 'alegría', 'y', 'en', 'chiapas', 'lo', 'sabemos', 'bien', 'en', 'su', 'primera', 'visita', 'la', 'recibimos', 'con', 'esta', 'hermosa', 'pieza', 'elaborada', 'por', 'mujeres', 'que', 'saben', 'que', 'la', 'cuarta', 'transformación', 'es', 'con', 'nosotras', 'hoy', 'la', 'lleva', 'puesta', 'y', 'en', 'el', 'corazón', 'la', 'llevamos', 'nosotros']",0.6124
18,el futuro de chiapas y de méxico tiene rostro de mujer el cariño de las y los chiapanecos está con claudiasheinbaum gracias doctora por su visita la unidad seguirá transformando con bienestar y vanguardia ,"['el', 'futuro', 'de', 'chiapas', 'y', 'de', 'méxico', 'tiene', 'rostro', 'de', 'mujer', 'el', 'cariño', 'de', 'las', 'y', 'los', 'chiapanecos', 'está', 'con', 'claudiasheinbaum', 'gracias', 'doctora', 'por', 'su', 'visita', 'la', 'unidad', 'seguirá', 'transformando', 'con', 'bienestar', 'y', 'vanguardia']",0.0
21,en chiapas la unidad seguirá haciendo historiarecibimos la visita de la dra  para celebrar la firma del acuerdo de unidad por la transformación el pueblo chiapaneco está de fiesta porque tenemos coordinadora nacional y será nuestra futura presidenta el tiempo de las mujeres se siente en chiapas y todo méxico,"['en', 'chiapas', 'la', 'unidad', 'seguirá', 'haciendo', 'historia', 'recibimos', 'la', 'visita', 'de', 'la', 'dra', 'para', 'celebrar', 'la', 'firma', 'del', 'acuerdo', 'de', 'unidad', 'por', 'la', 'transformación', 'el', 'pueblo', 'chiapaneco', 'está', 'de', 'fiesta', 'porque', 'tenemos', 'coordinadora', 'nacional', 'y', 'será', 'nuestra', 'futura', 'presidenta', 'el', 'tiempo', 'de', 'las', 'mujeres', 'se', 'siente', 'en', 'chiapas', 'y', 'todo', 'méxico']",0.4767
24,en chiapas a la dra claudiasheinbaum se le quiere la unidad será la fuerza para luchar por la continuidad de la transformación  ,"['en', 'chiapas', 'a', 'la', 'dra', 'claudiasheinbaum', 'se', 'le', 'quiere', 'la', 'unidad', 'será', 'la', 'fuerza', 'para', 'luchar', 'por', 'la', 'continuidad', 'de', 'la', 'transformación']",0.0
27,con  en chiapas,"['con', 'en', 'chiapas']",0.0
30,es un honor estar con claudia hoybienvenida siempre a chiapas querida doctora celebramos con mucho gusto tu llegada a nuestro hermoso estado  la esperanza nos une,"['es', 'un', 'honor', 'estar', 'con', 'claudia', 'hoy', 'bienvenida', 'siempre', 'a', 'chiapas', 'querida', 'doctora', 'celebramos', 'con', 'mucho', 'gusto', 'tu', 'llegada', 'a', 'nuestro', 'hermoso', 'estado', 'la', 'esperanza', 'nos', 'une']",0.4939
33,estuve con las y los jóvenes que participaron en el tercer encuentro de autoridades jóvenes en ciudad de méxico me da muchísimo gusto ver que el relevo generacional se ha construido con compromiso y entusiasmo para seguir transformando nuestro querido méxico y chiapas,"['estuve', 'con', 'las', 'y', 'los', 'jóvenes', 'que', 'participaron', 'en', 'el', 'tercer', 'encuentro', 'de', 'autoridades', 'jóvenes', 'en', 'ciudad', 'de', 'méxico', 'me', 'da', 'muchísimo', 'gusto', 'ver', 'que', 'el', 'relevo', 'generacional', 'se', 'ha', 'construido', 'con', 'compromiso', 'y', 'entusiasmo', 'para', 'seguir', 'transformando', 'nuestro', 'querido', 'méxico', 'y', 'chiapas']",0.34
36,hoy en el  aprobamos el nombramiento de la doctora celia maya como consejera de la judicatura federal estoy convencida de que desempeñará un gran trabajo con responsabilidad y dedicación enhorabuena,"['hoy', 'en', 'el', 'aprobamos', 'el', 'nombramiento', 'de', 'la', 'doctora', 'celia', 'maya', 'como', 'consejera', 'de', 'la', 'judicatura', 'federal', 'estoy', 'convencida', 'de', 'que', 'desempeñará', 'un', 'gran', 'trabajo', 'con', 'responsabilidad', 'y', 'dedicación', 'enhorabuena']",0.0
39,la dra  regresa a nuestro amado estado y estamos muy contentos con su visita en compañía de toño santos preparamos todo para celebrar su nombramiento como coordinadora de la defensa de la cuarta transformación,"['la', 'dra', 'regresa', 'a', 'nuestro', 'amado', 'estado', 'y', 'estamos', 'muy', 'contentos', 'con', 'su', 'visita', 'en', 'compañía', 'de', 'toño', 'santos', 'preparamos', 'todo', 'para', 'celebrar', 'su', 'nombramiento', 'como', 'coordinadora', 'de', 'la', 'defensa', 'de', 'la', 'cuarta', 'transformación']",0.0
42,en el marco de acciones por el día internacional de la mujer indígena que en chiapas encabeza el gobernador rutilio escandón cadenas reconozco la labor disciplinada y amorosa de las mujeres en méxico particularmente las indígenas de chiapas mi casa para el que trabajamos todos los días hombro con hombro construyendo la nación humana y generosa que en los más altos ideales encabeza el presidente de todas y todos los mexicanos andres manuel lópez obrador,"['en', 'el', 'marco', 'de', 'acciones', 'por', 'el', 'día', 'internacional', 'de', 'la', 'mujer', 'indígena', 'que', 'en', 'chiapas', 'encabeza', 'el', 'gobernador', 'rutilio', 'escandón', 'cadenas', 'reconozco', 'la', 'labor', 'disciplinada', 'y', 'amorosa', 'de', 'las', 'mujeres', 'en', 'méxico', 'particularmente', 'las', 'indígenas', 'de', 'chiapas', 'mi', 'casa', 'para', 'el', 'que', 'trabajamos', 'todos', 'los', 'días', 'hombro', 'con', 'hombro', 'construyendo', 'la', 'nación', 'humana', 'y', 'generosa', 'que', 'en', 'los', 'más', 'altos', 'ideales', 'encabeza', 'el', 'presidente', 'de', 'todas', 'y', 'todos', 'los', 'mexicanos', 'andres', 'manuel', 'lópez', 'obrador']",0.0
45,lamento profundamente el sensible fallecimiento de mariano rosales hijo de nuestro amigo mariano rosales zuarth mi más sincero pésame a todos sus seres queridosque el amor de dios y el cariño de todos quienes conocimos a mariano sirva para encontrar la resignación ante tan irreparable pérdida,"['lamento', 'profundamente', 'el', 'sensible', 'fallecimiento', 'de', 'mariano', 'rosales', 'hijo', 'de', 'nuestro', 'amigo', 'mariano', 'rosales', 'zuarth', 'mi', 'más', 'sincero', 'pésame', 'a', 'todos', 'sus', 'seres', 'queridos', 'que', 'el', 'amor', 'de', 'dios', 'y', 'el', 'cariño', 'de', 'todos', 'quienes', 'conocimos', 'a', 'mariano', 'sirva', 'para', 'encontrar', 'la', 'resignación', 'ante', 'tan', 'irreparable', 'pérdida']",0.6124
48,con el orgullo de ser mexicanos acompañamos al gobernador  para dar el  celebramos la soberanía que reside en el pueblo de méxico hoy la unidad es la base para seguir transformando el proyecto de nación que encabeza nuestro presidente,"['con', 'el', 'orgullo', 'de', 'ser', 'mexicanos', 'acompañamos', 'al', 'gobernador', 'para', 'dar', 'el', 'celebramos', 'la', 'soberanía', 'que', 'reside', 'en', 'el', 'pueblo', 'de', 'méxico', 'hoy', 'la', 'unidad', 'es', 'la', 'base', 'para', 'seguir', 'transformando', 'el', 'proyecto', 'de', 'nación', 'que', 'encabeza', 'nuestro', 'presidente']",0.0
51,hoy y siempre portemos con dignidad y orgullo los colores y trajes de nuestro méxico que vivan nuestras fiestas patrias ,"['hoy', 'y', 'siempre', 'portemos', 'con', 'dignidad', 'y', 'orgullo', 'los', 'colores', 'y', 'trajes', 'de', 'nuestro', 'méxico', 'que', 'vivan', 'nuestras', 'fiestas', 'patrias']",0.3612
54,previo a las celebraciones de la noche patria tuve el gusto de saludar al principal dirigente de la cuarta transformación en nuestro estado mi amigo el gobernador dr  con quien intercambié opiniones sobre los históricos acontecimientos de nuestra anexión a méxico y el gran legado de las mujeres y hombres que nos dieron patria y libertad a quienes honramos desde lo más profundo de nuestro corazón hoy gritamos fuerte y claro que viva méxico ,"['previo', 'a', 'las', 'celebraciones', 'de', 'la', 'noche', 'patria', 'tuve', 'el', 'gusto', 'de', 'saludar', 'al', 'principal', 'dirigente', 'de', 'la', 'cuarta', 'transformación', 'en', 'nuestro', 'estado', 'mi', 'amigo', 'el', 'gobernador', 'dr', 'con', 'quien', 'intercambié', 'opiniones', 'sobre', 'los', 'históricos', 'acontecimientos', 'de', 'nuestra', 'anexión', 'a', 'méxico', 'y', 'el', 'gran', 'legado', 'de', 'las', 'mujeres', 'y', 'hombres', 'que', 'nos', 'dieron', 'patria', 'y', 'libertad', 'a', 'quienes', 'honramos', 'desde', 'lo', 'más', 'profundo', 'de', 'nuestro', 'corazón', 'hoy', 'gritamos', 'fuerte', 'y', 'claro', 'que', 'viva', 'méxico']",0.0
57,chiapas es el estado más mexicano porque nuestra historia marca un acto de voluntad propia que dio inicio en 1821 para consolidarse en 1824 con la anexión a méxico con ello dotamos a este hermoso país de bellezas naturales únicas en el mundo contamos con una gran cultura por su gastronomía incomparable por sus bellas tradiciones pero hablar de su gente es hablar de amor respeto hermandad y solidaridad estoy segura de que en 2024 haremos una gran fiesta para celebrar el bicentenario de la unión de las y los chiapanecos con el pueblo mexicano ,"['chiapas', 'es', 'el', 'estado', 'más', 'mexicano', 'porque', 'nuestra', 'historia', 'marca', 'un', 'acto', 'de', 'voluntad', 'propia', 'que', 'dio', 'inicio', 'en', '1821', 'para', 'consolidarse', 'en', '1824', 'con', 'la', 'anexión', 'a', 'méxico', 'con', 'ello', 'dotamos', 'a', 'este', 'hermoso', 'país', 'de', 'bellezas', 'naturales', 'únicas', 'en', 'el', 'mundo', 'contamos', 'con', 'una', 'gran', 'cultura', 'por', 'su', 'gastronomía', 'incomparable', 'por', 'sus', 'bellas', 'tradiciones', 'pero', 'hablar', 'de', 'su', 'gente', 'es', 'hablar', 'de', 'amor', 'respeto', 'hermandad', 'y', 'solidaridad', 'estoy', 'segura', 'de', 'que', 'en', '2024', 'haremos', 'una', 'gran', 'fiesta', 'para', 'celebrar', 'el', 'bicentenario', 'de', 'la', 'unión', 'de', 'las', 'y', 'los', 'chiapanecos', 'con', 'el', 'pueblo', 'mexicano']",0.7964
60,hoy visité a mi paisano y amigo zoé robledo director del imss en el movimiento de transformación que encabeza el presidente lópez obrador siempre serán las causas las que nos unan en beneficio de los demás conversamos ampliamente sobre los alcances y la gran oportunidad que representa la consolidación del imss bienestar y la cuarta transformación en chiapas y todo méxico,"['hoy', 'visité', 'a', 'mi', 'paisano', 'y', 'amigo', 'zoé', 'robledo', 'director', 'del', 'imss', 'en', 'el', 'movimiento', 'de', 'transformación', 'que', 'encabeza', 'el', 'presidente', 'lópez', 'obrador', 'siempre', 'serán', 'las', 'causas', 'las', 'que', 'nos', 'unan', 'en', 'beneficio', 'de', 'los', 'demás', 'conversamos', 'ampliamente', 'sobre', 'los', 'alcances', 'y', 'la', 'gran', 'oportunidad', 'que', 'representa', 'la', 'consolidación', 'del', 'imss', 'bienestar', 'y', 'la', 'cuarta', 'transformación', 'en', 'chiapas', 'y', 'todo', 'méxico']",0.0
63,evelyn e íker son un gran  hoy los reconocimos en el  por su gran destreza victoria y valentía en el campeonato mundial de aritmética estoy segura de que seguirán poniendo muy en alto el nombre de méxico y chiapas ,"['evelyn', 'e', 'íker', 'son', 'un', 'gran', 'hoy', 'los', 'reconocimos', 'en', 'el', 'por', 'su', 'gran', 'destreza', 'victoria', 'y', 'valentía', 'en', 'el', 'campeonato', 'mundial', 'de', 'aritmética', 'estoy', 'segura', 'de', 'que', 'seguirán', 'poniendo', 'muy', 'en', 'alto', 'el', 'nombre', 'de', 'méxico', 'y', 'chiapas']",0.0
66,san cristóbal es una parte fundamental de mi historia en este pueblo mágico guardo momentos maravillosos como nuestra fiesta de xv años una celebración muy especial para todas nosotras,"['san', 'cristóbal', 'es', 'una', 'parte', 'fundamental', 'de', 'mi', 'historia', 'en', 'este', 'pueblo', 'mágico', 'guardo', 'momentos', 'maravillosos', 'como', 'nuestra', 'fiesta', 'de', 'xv', 'años', 'una', 'celebración', 'muy', 'especial', 'para', 'todas', 'nosotras']",0.4767
69,les comparto la siguiente columna en la que colaboro para   hablamos del fortalecimiento de la mujeres en chiapas y su participación ciudadana en la vida pública  httpsacortarlinks9rcma,"['les', 'comparto', 'la', 'siguiente', 'columna', 'en', 'la', 'que', 'colaboro', 'para', 'hablamos', 'del', 'fortalecimiento', 'de', 'la', 'mujeres', 'en', 'chiapas', 'y', 'su', 'participación', 'ciudadana', 'en', 'la', 'vida', 'pública', 'https', 'acortar', 'link', 's9rcma']",0.0
72,la unión hace la fuerzacon la dra claudia sheinbaum la transformación de méxico sigue ,"['la', 'unión', 'hace', 'la', 'fuerza', 'con', 'la', 'dra', 'claudia', 'sheinbaum', 'la', 'transformación', 'de', 'méxico', 'sigue']",0.0
75,unidos por la transformación ,"['unidos', 'por', 'la', 'transformación']",0.0
78,amigas y amigos de chiapas estamos muy contentos porque nos encontramos en la asamblea nacional de morena donde en unos momentos más la dra claudia sheinbaum tomará protesta como coordinadora de los comités de defensa de la cuarta transformación este es un momento histórico pues por primera vez una mujer encabezará este movimiento de transformación que iniciamos junto al presidente lópez obrador en el 2018 en esta nueva etapa bajo el liderazgo de la dra sheinbaum es necesario continuar fortaleciendo los valores de nuestro movimiento así como mantener la unidad para que la transformación continúe y pueda llegar a todos los rincones del país es tiempo de unidad es tiempo de mujeres qué viva la cuarta transformación qué viva morena,"['amigas', 'y', 'amigos', 'de', 'chiapas', 'estamos', 'muy', 'contentos', 'porque', 'nos', 'encontramos', 'en', 'la', 'asamblea', 'nacional', 'de', 'morena', 'donde', 'en', 'unos', 'momentos', 'más', 'la', 'dra', 'claudia', 'sheinbaum', 'tomará', 'protesta', 'como', 'coordinadora', 'de', 'los', 'comités', 'de', 'defensa', 'de', 'la', 'cuarta', 'transformación', 'este', 'es', 'un', 'momento', 'histórico', 'pues', 'por', 'primera', 'vez', 'una', 'mujer', 'encabezará', 'este', 'movimiento', 'de', 'transformación', 'que', 'iniciamos', 'junto', 'al', 'presidente', 'lópez', 'obrador', 'en', 'el', '2018', 'en', 'esta', 'nueva', 'etapa', 'bajo', 'el', 'liderazgo', 'de', 'la', 'dra', 'sheinbaum', 'es', 'necesario', 'continuar', 'fortaleciendo', 'los', 'valores', 'de', 'nuestro', 'movimiento', 'así', 'como', 'mantener', 'la', 'unidad', 'para', 'que', 'la', 'transformación', 'continúe', 'y', 'pueda', 'llegar', 'a', 'todos', 'los', 'rincones', 'del', 'país', 'es', 'tiempo', 'de', 'unidad', 'es', 'tiempo', 'de', 'mujeres', 'qué', 'viva', 'la', 'cuarta', 'transformación', 'qué', 'viva', 'morena']",0.0
81,entre tanto trabajo siempre encontramos un momento para reírnos que tengan un excelente fin de semana,"['entre', 'tanto', 'trabajo', 'siempre', 'encontramos', 'un', 'momento', 'para', 'reírnos', 'que', 'tengan', 'un', 'excelente', 'fin', 'de', 'semana']",0.0
84,mi vida fue aquí en mi lindo san cristóbal aquí fui a la escuela en el colegio tepeyac siempre orgullosa de mi tierra de mi origen y de mi gente,"['mi', 'vida', 'fue', 'aquí', 'en', 'mi', 'lindo', 'san', 'cristóbal', 'aquí', 'fui', 'a', 'la', 'escuela', 'en', 'el', 'colegio', 'tepeyac', 'siempre', 'orgullosa', 'de', 'mi', 'tierra', 'de', 'mi', 'origen', 'y', 'de', 'mi', 'gente']",0.0
87,es un honor estar con la mejor,"['es', 'un', 'honor', 'estar', 'con', 'la', 'mejor']",0.4939
90,estamos muy felices porque en un ejercicio de participación democrática las y los mexicanos hemos elegido a la dra claudia sheinbaum como coordinadora nacional para la defensa de la cuarta transformación es un honor acompañarla en este triunfo histórico para las mujeres de méxico el tiempo de las mujeres ha llegado,"['estamos', 'muy', 'felices', 'porque', 'en', 'un', 'ejercicio', 'de', 'participación', 'democrática', 'las', 'y', 'los', 'mexicanos', 'hemos', 'elegido', 'a', 'la', 'dra', 'claudia', 'sheinbaum', 'como', 'coordinadora', 'nacional', 'para', 'la', 'defensa', 'de', 'la', 'cuarta', 'transformación', 'es', 'un', 'honor', 'acompañarla', 'en', 'este', 'triunfo', 'histórico', 'para', 'las', 'mujeres', 'de', 'méxico', 'el', 'tiempo', 'de', 'las', 'mujeres', 'ha', 'llegado']",0.6808
93,méxico está listo para tener a la primera presidenta es tiempo de mujeres claudia sheinbaum es nuestra coordinadora nacional para la defensa de la cuarta transformaciónes un honor estar con la mejor  ,"['méxico', 'está', 'listo', 'para', 'tener', 'a', 'la', 'primera', 'presidenta', 'es', 'tiempo', 'de', 'mujeres', 'claudia', 'sheinbaum', 'es', 'nuestra', 'coordinadora', 'nacional', 'para', 'la', 'defensa', 'de', 'la', 'cuarta', 'transformación', 'es', 'un', 'honor', 'estar', 'con', 'la', 'mejor']",0.4939
96,soy orgullosamente chiapaneca el estado más mexicano y que lo tiene todo,"['soy', 'orgullosamente', 'chiapaneca', 'el', 'estado', 'más', 'mexicano', 'y', 'que', 'lo', 'tiene', 'todo']",0.0
99,durante la primera sesión ordinaria del primer periodo del tercer año de ejercicio de la lxv legislatura ratificamos ante el  a la dra  como secretaria de relaciones exteriores hoy la política exterior se encuentra en manos de una mujer con gran experiencia en la diplomacia mexicana,"['durante', 'la', 'primera', 'sesión', 'ordinaria', 'del', 'primer', 'periodo', 'del', 'tercer', 'año', 'de', 'ejercicio', 'de', 'la', 'lxv', 'legislatura', 'ratificamos', 'ante', 'el', 'a', 'la', 'dra', 'como', 'secretaria', 'de', 'relaciones', 'exteriores', 'hoy', 'la', 'política', 'exterior', 'se', 'encuentra', 'en', 'manos', 'de', 'una', 'mujer', 'con', 'gran', 'experiencia', 'en', 'la', 'diplomacia', 'mexicana']",0.0
102,la lucha de las mujeres indígenas ha sido histórica han conquistado espacios con su trabajo logrando que los pueblos originarios se mantengan vigenteshoy y siempre seguiremos acompañándolas con honor y respeto,"['la', 'lucha', 'de', 'las', 'mujeres', 'indígenas', 'ha', 'sido', 'histórica', 'han', 'conquistado', 'espacios', 'con', 'su', 'trabajo', 'logrando', 'que', 'los', 'pueblos', 'originarios', 'se', 'mantengan', 'vigentes', 'hoy', 'y', 'siempre', 'seguiremos', 'acompañándolas', 'con', 'honor', 'y', 'respeto']",0.6808
105,en el  celebramos la ratificación de la dra alicia bárcena como secretaria de relaciones exteriores una mujer de lucha y causa social que hará historia siendo la 4ta canciller mexicanael futuro será feminista o no seráembajadora alicia bárcena ,"['en', 'el', 'celebramos', 'la', 'ratificación', 'de', 'la', 'dra', 'alicia', 'bárcena', 'como', 'secretaria', 'de', 'relaciones', 'exteriores', 'una', 'mujer', 'de', 'lucha', 'y', 'causa', 'social', 'que', 'hará', 'historia', 'siendo', 'la', '4ta', 'canciller', 'mexicana', 'el', 'futuro', 'será', 'feminista', 'o', 'no', 'será', 'embajadora', 'alicia', 'bárcena']",-0.296
108,en reunión con mujeres de san cristóbal de la casas hablamos del tiempo de las mujeres y la importancia de la participación que tenemos en la vida pública de nuestro país es un honor poder intercambiar ideas que sigan con la transformación de chiapas,"['en', 'reunión', 'con', 'mujeres', 'de', 'san', 'cristóbal', 'de', 'la', 'casas', 'hablamos', 'del', 'tiempo', 'de', 'las', 'mujeres', 'y', 'la', 'importancia', 'de', 'la', 'participación', 'que', 'tenemos', 'en', 'la', 'vida', 'pública', 'de', 'nuestro', 'país', 'es', 'un', 'honor', 'poder', 'intercambiar', 'ideas', 'que', 'sigan', 'con', 'la', 'transformación', 'de', 'chiapas']",0.4939
111,es tiempo de mujeres agradezco muchísimo a empresarias de san cristobal de las casas por invitarme a dialogar sobre el trabajo que realizamos por nuestro estado estoy convencida de que para recuperar la grandeza de nuestro chiapas debemos trabajar juntas y juntos gracias,"['es', 'tiempo', 'de', 'mujeres', 'agradezco', 'muchísimo', 'a', 'empresarias', 'de', 'san', 'cristobal', 'de', 'las', 'casas', 'por', 'invitarme', 'a', 'dialogar', 'sobre', 'el', 'trabajo', 'que', 'realizamos', 'por', 'nuestro', 'estado', 'estoy', 'convencida', 'de', 'que', 'para', 'recuperar', 'la', 'grandeza', 'de', 'nuestro', 'chiapas', 'debemos', 'trabajar', 'juntas', 'y', 'juntos', 'gracias']",0.0
114,méxico inicia hoy su 5to año de transformación de la vida pública un proyecto de nación que sigue generando mayor bienestar crecimiento económico oportunidades de empleo y educación de calidad con la  el sureste ha detonado su potencial y con ello la grandeza de eso nos hace sentirnos muy muy orgullososmás que nunca es un honor estar con obrador,"['méxico', 'inicia', 'hoy', 'su', '5to', 'año', 'de', 'transformación', 'de', 'la', 'vida', 'pública', 'un', 'proyecto', 'de', 'nación', 'que', 'sigue', 'generando', 'mayor', 'bienestar', 'crecimiento', 'económico', 'oportunidades', 'de', 'empleo', 'y', 'educación', 'de', 'calidad', 'con', 'la', 'el', 'sureste', 'ha', 'detonado', 'su', 'potencial', 'y', 'con', 'ello', 'la', 'grandeza', 'de', 'eso', 'nos', 'hace', 'sentirnos', 'muy', 'muy', 'orgullosos', 'más', 'que', 'nunca', 'es', 'un', 'honor', 'estar', 'con', 'obrador']",0.6808
117,hoy en   con gran entusiasmo establecimos el rumbo de la  en la reunión plenaria del periodo de sesiones del último año de la  en el que las familias mexicanas seguirán siendo la prioridad en el proyecto de nación que consolidará la 4ta transformación de méxico ,"['hoy', 'en', 'con', 'gran', 'entusiasmo', 'establecimos', 'el', 'rumbo', 'de', 'la', 'en', 'la', 'reunión', 'plenaria', 'del', 'periodo', 'de', 'sesiones', 'del', 'último', 'año', 'de', 'la', 'en', 'el', 'que', 'las', 'familias', 'mexicanas', 'seguirán', 'siendo', 'la', 'prioridad', 'en', 'el', 'proyecto', 'de', 'nación', 'que', 'consolidará', 'la', '4ta', 'transformación', 'de', 'méxico']",0.0
120,en cada recorrido por nuestro hermoso estado me encuentro con historias valiosas que merecen ser escuchadas y que me ayudan a seguir trabajando en un chiapas en el que todas y todos sigamos construyendo con unidad y solidaridad los apoyos del campo ahora llegan a las manos correctas vivimos un méxico en el que las oportunidades de avanzar son una realidad no puede haber gobierno rico con pueblo pobre en la 4ta transformación caminamos con equidad para todas y todos ,"['en', 'cada', 'recorrido', 'por', 'nuestro', 'hermoso', 'estado', 'me', 'encuentro', 'con', 'historias', 'valiosas', 'que', 'merecen', 'ser', 'escuchadas', 'y', 'que', 'me', 'ayudan', 'a', 'seguir', 'trabajando', 'en', 'un', 'chiapas', 'en', 'el', 'que', 'todas', 'y', 'todos', 'sigamos', 'construyendo', 'con', 'unidad', 'y', 'solidaridad', 'los', 'apoyos', 'del', 'campo', 'ahora', 'llegan', 'a', 'las', 'manos', 'correctas', 'vivimos', 'un', 'méxico', 'en', 'el', 'que', 'las', 'oportunidades', 'de', 'avanzar', 'son', 'una', 'realidad', 'no', 'puede', 'haber', 'gobierno', 'rico', 'con', 'pueblo', 'pobre', 'en', 'la', '4ta', 'transformación', 'caminamos', 'con', 'equidad', 'para', 'todas', 'y', 'todos']",-0.296
123,en los últimos meses he recorrido chiapas con la firme creencia de que necesitamos un méxico donde las mujeres tengamos cabida en cada uno de los espacios donde nos desenvolvemos y en cada lugar que visito mujeres y hombres coincidimos en que   por su capacidad de liderazgo y su visión con innovación y tecnología  porque su estrategia de seguridad ha logrado que las mujeres tengamos calles donde caminemos libres y seguras porque hoy las mujeres hemos sido escuchadas porque los delitos en contra de las mujeres son perseguidos no más mujeres violentadas en nuestro país hoy las mujeres somos protegidas por las autoridades porque con su experiencia en medio ambiente le dio vida a la cdmx dotándola de nuevos espacios limpios verdes y seguros porque ha logrado la visibilidad de las mujeres logrando que hoy nuestros sueños de ser participativas en la vida pública se hagan realidad porque su pasión por la academia le ha dado el impulso para que nadie se quede trunco en sus estudios porque en su equipo de trabajo existe la confianza en nosotras para desempeñar cargos donde la toma de decisiones se realicen con paridad porque con su visión de movilidad y tecnología ha conectado de manera sustentable y práctica a la gran urbe de méxico  porque el derecho a la salud ya no es un privilegio al que pocos tienen acceso ahora las mujeres contamos con cuidados médicos y las decisiones sobre nuestro cuerpo sólo nos pertenece a nosotras hoy cerramos esta primera etapa en la que liberamos de ataduras muchas costumbres donde no se nos tomaba en cuenta y me mantengo firme en que la doctora  traerá grandes bondades al desarrollo de este país que tanto amamos y que como mexicanas y mexicanos luchamos por mejorar cada rincón aportando un granito de arena desde el despertar de las conciencias por todo la anterior y más  ,"['en', 'los', 'últimos', 'meses', 'he', 'recorrido', 'chiapas', 'con', 'la', 'firme', 'creencia', 'de', 'que', 'necesitamos', 'un', 'méxico', 'donde', 'las', 'mujeres', 'tengamos', 'cabida', 'en', 'cada', 'uno', 'de', 'los', 'espacios', 'donde', 'nos', 'desenvolvemos', 'y', 'en', 'cada', 'lugar', 'que', 'visito', 'mujeres', 'y', 'hombres', 'coincidimos', 'en', 'que', 'por', 'su', 'capacidad', 'de', 'liderazgo', 'y', 'su', 'visión', 'con', 'innovación', 'y', 'tecnología', 'porque', 'su', 'estrategia', 'de', 'seguridad', 'ha', 'logrado', 'que', 'las', 'mujeres', 'tengamos', 'calles', 'donde', 'caminemos', 'libres', 'y', 'seguras', 'porque', 'hoy', 'las', 'mujeres', 'hemos', 'sido', 'escuchadas', 'porque', 'los', 'delitos', 'en', 'contra', 'de', 'las', 'mujeres', 'son', 'perseguidos', 'no', 'más', 'mujeres', 'violentadas', 'en', 'nuestro', 'país', 'hoy', 'las', 'mujeres', 'somos', 'protegidas', 'por', 'las', 'autoridades', 'porque', 'con', 'su', 'experiencia', 'en', 'medio', 'ambiente', 'le', 'dio', 'vida', 'a', 'la', 'cdmx', 'dotándola', 'de', 'nuevos', 'espacios', 'limpios', 'verdes', 'y', 'seguros', 'porque', 'ha', 'logrado', 'la', 'visibilidad', 'de', 'las', 'mujeres', 'logrando', 'que', 'hoy', 'nuestros', 'sueños', 'de', 'ser', 'participativas', 'en', 'la', 'vida', 'pública', 'se', 'hagan', 'realidad', 'porque', 'su', 'pasión', 'por', 'la', 'academia', 'le', 'ha', 'dado', 'el', 'impulso', 'para', 'que', 'nadie', 'se', 'quede', 'trunco', 'en', 'sus', 'estudios', 'porque', 'en', 'su', 'equipo', 'de', 'trabajo', 'existe', 'la', 'confianza', 'en', 'nosotras', 'para', 'desempeñar', 'cargos', 'donde', 'la', 'toma', 'de', 'decisiones', 'se', 'realicen', 'con', 'paridad', 'porque', 'con', 'su', 'visión', 'de', 'movilidad', 'y', 'tecnología', 'ha', 'conectado', 'de', 'manera', 'sustentable', 'y', 'práctica', 'a', 'la', 'gran', 'urbe', 'de', 'méxico', 'porque', 'el', 'derecho', 'a', 'la', 'salud', 'ya', 'no', 'es', 'un', 'privilegio', 'al', 'que', 'pocos', 'tienen', 'acceso', 'ahora', 'las', 'mujeres', 'contamos', 'con', 'cuidados', 'médicos', 'y', 'las', 'decisiones', 'sobre', 'nuestro', 'cuerpo', 'sólo', 'nos', 'pertenece', 'a', 'nosotras', 'hoy', 'cerramos', 'esta', 'primera', 'etapa', 'en', 'la', 'que', 'liberamos', 'de', 'ataduras', 'muchas', 'costumbres', 'donde', 'no', 'se', 'nos', 'tomaba', 'en', 'cuenta', 'y', 'me', 'mantengo', 'firme', 'en', 'que', 'la', 'doctora', 'traerá', 'grandes', 'bondades', 'al', 'desarrollo', 'de', 'este', 'país', 'que', 'tanto', 'amamos', 'y', 'que', 'como', 'mexicanas', 'y', 'mexicanos', 'luchamos', 'por', 'mejorar', 'cada', 'rincón', 'aportando', 'un', 'granito', 'de', 'arena', 'desde', 'el', 'despertar', 'de', 'las', 'conciencias', 'por', 'todo', 'la', 'anterior', 'y', 'más']",0.4588
126,la oportunidad de seguir transformando a méxico ha llegado esta vez con la visión de una mujer que con su pasión por méxico renovará las conciencias y cambiará la forma de hacer política en nuestro país siempre con equidad pero sobre todo amor al pueblo el futuro está con  ,"['la', 'oportunidad', 'de', 'seguir', 'transformando', 'a', 'méxico', 'ha', 'llegado', 'esta', 'vez', 'con', 'la', 'visión', 'de', 'una', 'mujer', 'que', 'con', 'su', 'pasión', 'por', 'méxico', 'renovará', 'las', 'conciencias', 'y', 'cambiará', 'la', 'forma', 'de', 'hacer', 'política', 'en', 'nuestro', 'país', 'siempre', 'con', 'equidad', 'pero', 'sobre', 'todo', 'amor', 'al', 'pueblo', 'el', 'futuro', 'está', 'con']",0.7506
129,gracias jiquipilas cerramos con fuerza y alegría las asambleas informativas de la dra  nos vemos muy pronto ,"['gracias', 'jiquipilas', 'cerramos', 'con', 'fuerza', 'y', 'alegría', 'las', 'asambleas', 'informativas', 'de', 'la', 'dra', 'nos', 'vemos', 'muy', 'pronto']",0.0
132,en la garza la buena vibra y las ganas de que siga nuestra querida dra  son muchasgracias por acompañarnos ,"['en', 'la', 'garza', 'la', 'buena', 'vibra', 'y', 'las', 'ganas', 'de', 'que', 'siga', 'nuestra', 'querida', 'dra', 'son', 'muchas', 'gracias', 'por', 'acompañarnos']",0.0
135,fue un honor acompañar a la dra  en su último acto como aspirante a coordinar los comités de defensa de la cuarta transformación es una mujer a quien admiro profundamente por su capacidad liderazgo y sobre todo lealtad a méxico me siento afortunada de apoyar su proyecto y la esperanza que representa estamos ante la oportunidad de cambiar la historia y la dra sheinbaum está preparada para llevar esa enorme responsabilidad en sus hombros no está sola soy parte de las cientos de miles de personas que creemos en ella porque sabemos de su pasión preparación y profundo amor por nuestro país siempre luchando por reducir la brecha de desigualdad y construir un méxico más justo para quienes aquí vivimos llegó la hora es tiempo de mujeres es tiempo de méxico,"['fue', 'un', 'honor', 'acompañar', 'a', 'la', 'dra', 'en', 'su', 'último', 'acto', 'como', 'aspirante', 'a', 'coordinar', 'los', 'comités', 'de', 'defensa', 'de', 'la', 'cuarta', 'transformación', 'es', 'una', 'mujer', 'a', 'quien', 'admiro', 'profundamente', 'por', 'su', 'capacidad', 'liderazgo', 'y', 'sobre', 'todo', 'lealtad', 'a', 'méxico', 'me', 'siento', 'afortunada', 'de', 'apoyar', 'su', 'proyecto', 'y', 'la', 'esperanza', 'que', 'representa', 'estamos', 'ante', 'la', 'oportunidad', 'de', 'cambiar', 'la', 'historia', 'y', 'la', 'dra', 'sheinbaum', 'está', 'preparada', 'para', 'llevar', 'esa', 'enorme', 'responsabilidad', 'en', 'sus', 'hombros', 'no', 'está', 'sola', 'soy', 'parte', 'de', 'las', 'cientos', 'de', 'miles', 'de', 'personas', 'que', 'creemos', 'en', 'ella', 'porque', 'sabemos', 'de', 'su', 'pasión', 'preparación', 'y', 'profundo', 'amor', 'por', 'nuestro', 'país', 'siempre', 'luchando', 'por', 'reducir', 'la', 'brecha', 'de', 'desigualdad', 'y', 'construir', 'un', 'méxico', 'más', 'justo', 'para', 'quienes', 'aquí', 'vivimos', 'llegó', 'la', 'hora', 'es', 'tiempo', 'de', 'mujeres', 'es', 'tiempo', 'de', 'méxico']",0.7184
138,la colonia solidaridad le hizo justicia a su nombre para sumarse al proyecto de la dra  en villaflores unidas hacemos más ,"['la', 'colonia', 'solidaridad', 'le', 'hizo', 'justicia', 'a', 'su', 'nombre', 'para', 'sumarse', 'al', 'proyecto', 'de', 'la', 'dra', 'en', 'villaflores', 'unidas', 'hacemos', 'más']",0.0
141,el mensaje de la dra  se ha ganado el cariño y el apoyo de el triunfo en el municipio de la independencia muchas gracias por recibirnos  la ultima foto es mi favorita ,"['el', 'mensaje', 'de', 'la', 'dra', 'se', 'ha', 'ganado', 'el', 'cariño', 'y', 'el', 'apoyo', 'de', 'el', 'triunfo', 'en', 'el', 'municipio', 'de', 'la', 'independencia', 'muchas', 'gracias', 'por', 'recibirnos', 'la', 'ultima', 'foto', 'es', 'mi', 'favorita']",0.34
144,gracias comitán todas y todos somos parte de esta fiesta democrática que apoya a la dra  ,"['gracias', 'comitán', 'todas', 'y', 'todos', 'somos', 'parte', 'de', 'esta', 'fiesta', 'democrática', 'que', 'apoya', 'a', 'la', 'dra']",0.4767
147,con toño santos celebramos desde el pueblo mágico de comitán el cariño y el apoyo a la dra   muchas gracias por acompañarnos en esta asamblea informativa ,"['con', 'toño', 'santos', 'celebramos', 'desde', 'el', 'pueblo', 'mágico', 'de', 'comitán', 'el', 'cariño', 'y', 'el', 'apoyo', 'a', 'la', 'dra', 'muchas', 'gracias', 'por', 'acompañarnos', 'en', 'esta', 'asamblea', 'informativa']",0.0
150,gracias huixtlala continuidad de la transformación lleva el rostro de mujer con la dra claudia sheinbaum ,"['gracias', 'huixtla', 'la', 'continuidad', 'de', 'la', 'transformación', 'lleva', 'el', 'rostro', 'de', 'mujer', 'con', 'la', 'dra', 'claudia', 'sheinbaum']",0.0
153,estamos muy contentas y contentos por el recibimiento que tuvimos hoy en motozintla con unidad y trabajo seguimos avanzando de la mano con nuestra querida dra claudia sheinbaum,"['estamos', 'muy', 'contentas', 'y', 'contentos', 'por', 'el', 'recibimiento', 'que', 'tuvimos', 'hoy', 'en', 'motozintla', 'con', 'unidad', 'y', 'trabajo', 'seguimos', 'avanzando', 'de', 'la', 'mano', 'con', 'nuestra', 'querida', 'dra', 'claudia', 'sheinbaum']",0.0
156,madrugamos para llegar a motozintla y disfrutar de una buena plática con mujeres que ven a la dra claudia sheinbaum como una gran lideresa que siga empoderando a las mujeres en todo méxico,"['madrugamos', 'para', 'llegar', 'a', 'motozintla', 'y', 'disfrutar', 'de', 'una', 'buena', 'plática', 'con', 'mujeres', 'que', 'ven', 'a', 'la', 'dra', 'claudia', 'sheinbaum', 'como', 'una', 'gran', 'lideresa', 'que', 'siga', 'empoderando', 'a', 'las', 'mujeres', 'en', 'todo', 'méxico']",0.0
159,llevo más de 12 años recorriendo los 125 municipios de nuestro queridísimo chiapas hoy me llena de felicidad estar en tapachula comprobando que las y los chiapanecos confían en la continuidad de la transformación con la dra claudia sheinbaum ,"['llevo', 'más', 'de', '12', 'años', 'recorriendo', 'los', '125', 'municipios', 'de', 'nuestro', 'queridísimo', 'chiapas', 'hoy', 'me', 'llena', 'de', 'felicidad', 'estar', 'en', 'tapachula', 'comprobando', 'que', 'las', 'y', 'los', 'chiapanecos', 'confían', 'en', 'la', 'continuidad', 'de', 'la', 'transformación', 'con', 'la', 'dra', 'claudia', 'sheinbaum']",0.0
162,hoy estamos en el triunfo municipio de escuintla gracias por acompañarme ,"['hoy', 'estamos', 'en', 'el', 'triunfo', 'municipio', 'de', 'escuintla', 'gracias', 'por', 'acompañarme']",0.0
165,san fernando nos recibió con una gran fiesta el movimiento sigue ,"['san', 'fernando', 'nos', 'recibió', 'con', 'una', 'gran', 'fiesta', 'el', 'movimiento', 'sigue']",0.4767
168,la 4t es unidad y trabajo en equipohoy visité pichucalco con toño santos para hablar de la continuidad del proyecto de nación en méxico y chiapas gracias por acompañarnos ,"['la', '4t', 'es', 'unidad', 'y', 'trabajo', 'en', 'equipo', 'hoy', 'visité', 'pichucalco', 'con', 'toño', 'santos', 'para', 'hablar', 'de', 'la', 'continuidad', 'del', 'proyecto', 'de', 'nación', 'en', 'méxico', 'y', 'chiapas', 'gracias', 'por', 'acompañarnos']",0.0
171,llegamos a simojovel la tierra del ámbar donde el cariño y la lucha por la transformación continúa el apoyo a la dra  sigue creciendo en chiapas ,"['llegamos', 'a', 'simojovel', 'la', 'tierra', 'del', 'ámbar', 'donde', 'el', 'cariño', 'y', 'la', 'lucha', 'por', 'la', 'transformación', 'continúa', 'el', 'apoyo', 'a', 'la', 'dra', 'sigue', 'creciendo', 'en', 'chiapas']",0.0
174,con toño santos llegamos a mezcalapa para llevar el mensaje de la dra claudia sheinbaum de unidad y continuidad para seguir transformando a méxico,"['con', 'toño', 'santos', 'llegamos', 'a', 'mezcalapa', 'para', 'llevar', 'el', 'mensaje', 'de', 'la', 'dra', 'claudia', 'sheinbaum', 'de', 'unidad', 'y', 'continuidad', 'para', 'seguir', 'transformando', 'a', 'méxico']",0.0
177,con las familias de ostuacán estamos seguras y seguros de que la continuidad de la 4t sigue gracias por recibirme ,"['con', 'las', 'familias', 'de', 'ostuacán', 'estamos', 'seguras', 'y', 'seguros', 'de', 'que', 'la', 'continuidad', 'de', 'la', '4t', 'sigue', 'gracias', 'por', 'recibirme']",0.0
180,camino a ostuacán con ,"['camino', 'a', 'ostuacán', 'con']",0.0
183,es un honor el haber acompañado al dr roberto gómez alfaro durante la entrega de la medalla rosario castellanos hoy el h congreso de chiapas reconoce su labor social pasión y compromiso en favor de la salud y la vida enhorabuena,"['es', 'un', 'honor', 'el', 'haber', 'acompañado', 'al', 'dr', 'roberto', 'gómez', 'alfaro', 'durante', 'la', 'entrega', 'de', 'la', 'medalla', 'rosario', 'castellanos', 'hoy', 'el', 'h', 'congreso', 'de', 'chiapas', 'reconoce', 'su', 'labor', 'social', 'pasión', 'y', 'compromiso', 'en', 'favor', 'de', 'la', 'salud', 'y', 'la', 'vida', 'enhorabuena']",0.7096
186,los dedazos ya no caben en este méxico democrático hoy el pueblo pone y el pueblo quita ,"['los', 'dedazos', 'ya', 'no', 'caben', 'en', 'este', 'méxico', 'democrático', 'hoy', 'el', 'pueblo', 'pone', 'y', 'el', 'pueblo', 'quita']",-0.296
189,hablar de  es hablar de seguir transformando a méxico con liderazgo y conocimiento ,"['hablar', 'de', 'es', 'hablar', 'de', 'seguir', 'transformando', 'a', 'méxico', 'con', 'liderazgo', 'y', 'conocimiento']",0.0
192,la visita de la  ha traído esperanza para las y los villacorseños seguimos construyendo bienestar con unidad y compromiso gracias villa corzo,"['la', 'visita', 'de', 'la', 'ha', 'traído', 'esperanza', 'para', 'las', 'y', 'los', 'villacorseños', 'seguimos', 'construyendo', 'bienestar', 'con', 'unidad', 'y', 'compromiso', 'gracias', 'villa', 'corzo']",0.34
195,en san cristóbal la transformación avanza con alegría y pasión la llegada de la  es una gran fiesta democrática para el pueblo de chiapas,"['en', 'san', 'cristóbal', 'la', 'transformación', 'avanza', 'con', 'alegría', 'y', 'pasión', 'la', 'llegada', 'de', 'la', 'es', 'una', 'gran', 'fiesta', 'democrática', 'para', 'el', 'pueblo', 'de', 'chiapas']",0.4767
198,bienvenida a chiapas querida dra claudia sheinbaum ,"['bienvenida', 'a', 'chiapas', 'querida', 'dra', 'claudia', 'sheinbaum']",0.0
201,ya es viernes tuvimos una semana bastante movida y es porque estamos preparando todo para la visita de la  el día de mañana nos vemos en san cristóbal y villa de corzo,"['ya', 'es', 'viernes', 'tuvimos', 'una', 'semana', 'bastante', 'movida', 'y', 'es', 'porque', 'estamos', 'preparando', 'todo', 'para', 'la', 'visita', 'de', 'la', 'el', 'día', 'de', 'mañana', 'nos', 'vemos', 'en', 'san', 'cristóbal', 'y', 'villa', 'de', 'corzo']",0.0
204,y tú te la sabes,"['y', 'tú', 'te', 'la', 'sabes']",0.0
207,estamos muy contentas y contentos por la llegada de la dra  a nuestro bello estado de chiapas este sábado no falten,"['estamos', 'muy', 'contentas', 'y', 'contentos', 'por', 'la', 'llegada', 'de', 'la', 'dra', 'a', 'nuestro', 'bello', 'estado', 'de', 'chiapas', 'este', 'sábado', 'no', 'falten']",-0.296
210,sumando en equipo estamos listas y listos para recibir a la dra  este sábado en   y  los esperamos,"['sumando', 'en', 'equipo', 'estamos', 'listas', 'y', 'listos', 'para', 'recibir', 'a', 'la', 'dra', 'este', 'sábado', 'en', 'y', 'los', 'esperamos']",0.0
213,qué buena plática con mi amigo  presidente de morena en chiapas siempre es un gusto coincidir en la transformación de chiapas,"['qué', 'buena', 'plática', 'con', 'mi', 'amigo', 'presidente', 'de', 'morena', 'en', 'chiapas', 'siempre', 'es', 'un', 'gusto', 'coincidir', 'en', 'la', 'transformación', 'de', 'chiapas']",0.0
216,acompañé en su celebración por el doceavo aniversario de industriales de la tortilla somos chiapas a mujeres y hombres de trabajo arduo con causa social que en su labor contribuyen para llevar hasta nuestras mesas un producto tan rico y diverso como la tortilla  muchas felicidades,"['acompañé', 'en', 'su', 'celebración', 'por', 'el', 'doceavo', 'aniversario', 'de', 'industriales', 'de', 'la', 'tortilla', 'somos', 'chiapas', 'a', 'mujeres', 'y', 'hombres', 'de', 'trabajo', 'arduo', 'con', 'causa', 'social', 'que', 'en', 'su', 'labor', 'contribuyen', 'para', 'llevar', 'hasta', 'nuestras', 'mesas', 'un', 'producto', 'tan', 'rico', 'y', 'diverso', 'como', 'la', 'tortilla', 'muchas', 'felicidades']",0.0
219,vivimos la magia el cariño y el compromiso de suchiapa para hacer de chiapas un estado de derecho con mejores oportunidades ,"['vivimos', 'la', 'magia', 'el', 'cariño', 'y', 'el', 'compromiso', 'de', 'suchiapa', 'para', 'hacer', 'de', 'chiapas', 'un', 'estado', 'de', 'derecho', 'con', 'mejores', 'oportunidades']",0.0
222,estoy muy contenta de haber convivido con jóvenes que se interesan en un méxico donde vivamos libres y seguros con claudia todas y todos sumamos,"['estoy', 'muy', 'contenta', 'de', 'haber', 'convivido', 'con', 'jóvenes', 'que', 'se', 'interesan', 'en', 'un', 'méxico', 'donde', 'vivamos', 'libres', 'y', 'seguros', 'con', 'claudia', 'todas', 'y', 'todos', 'sumamos']",0.0
225,qué gusto compartir la tarde con grandes amigos coincidimos en la plática de nuestro amor por méxico con el gobernador  el profe  y mi amiga,"['qué', 'gusto', 'compartir', 'la', 'tarde', 'con', 'grandes', 'amigos', 'coincidimos', 'en', 'la', 'plática', 'de', 'nuestro', 'amor', 'por', 'méxico', 'con', 'el', 'gobernador', 'el', 'profe', 'y', 'mi', 'amiga']",0.6124
228,hoy las mujeres tenemos la libertad para tomar decisiones sigamos juntas ,"['hoy', 'las', 'mujeres', 'tenemos', 'la', 'libertad', 'para', 'tomar', 'decisiones', 'sigamos', 'juntas']",0.0
231,gracias majosik son ustedes el ejemplo de resiliencia y de lucha sigamos haciendo historia ,"['gracias', 'majosik', 'son', 'ustedes', 'el', 'ejemplo', 'de', 'resiliencia', 'y', 'de', 'lucha', 'sigamos', 'haciendo', 'historia']",0.0
234,amor con amor se paga no habrá vida que alcance para agradecer el cariño con el que me recibieron hoy en majosik tenejapanos vemos muy pronto ,"['amor', 'con', 'amor', 'se', 'paga', 'no', 'habrá', 'vida', 'que', 'alcance', 'para', 'agradecer', 'el', 'cariño', 'con', 'el', 'que', 'me', 'recibieron', 'hoy', 'en', 'majosik', 'tenejapa', 'nos', 'vemos', 'muy', 'pronto']",0.7783
237,en san cristóbal la 4ta transformación también tiene el rostro de las mujeres que luchan por un chiapas donde la paridad sea parte de la vida diaria,"['en', 'san', 'cristóbal', 'la', '4ta', 'transformación', 'también', 'tiene', 'el', 'rostro', 'de', 'las', 'mujeres', 'que', 'luchan', 'por', 'un', 'chiapas', 'donde', 'la', 'paridad', 'sea', 'parte', 'de', 'la', 'vida', 'diaria']",0.0
240,celebramos el día mundial del bordado desde san cristóbal de las casas le damos las gracias todas las artesanas y artesanos que se esfuerzan todos los días para darnos productos de calidad ,"['celebramos', 'el', 'día', 'mundial', 'del', 'bordado', 'desde', 'san', 'cristóbal', 'de', 'las', 'casas', 'le', 'damos', 'las', 'gracias', 'todas', 'las', 'artesanas', 'y', 'artesanos', 'que', 'se', 'esfuerzan', 'todos', 'los', 'días', 'para', 'darnos', 'productos', 'de', 'calidad']",0.0
243,gracias a todas y todos los maestros por su gran empeño y vocación durante este ciclo escolarsu convicción por la enseñanza forma parte del despertar de las nuevas conciencias,"['gracias', 'a', 'todas', 'y', 'todos', 'los', 'maestros', 'por', 'su', 'gran', 'empeño', 'y', 'vocación', 'durante', 'este', 'ciclo', 'escolar', 'su', 'convicción', 'por', 'la', 'enseñanza', 'forma', 'parte', 'del', 'despertar', 'de', 'las', 'nuevas', 'conciencias']",0.0
246,la información nunca antes había sido tan rápida y efectiva como lo es en estos tiempos muchas gracias a las y los periodistas por darme la oportunidad de conocerles hoy los medios digitales son parte fundamental en la forma de comunicar,"['la', 'información', 'nunca', 'antes', 'había', 'sido', 'tan', 'rápida', 'y', 'efectiva', 'como', 'lo', 'es', 'en', 'estos', 'tiempos', 'muchas', 'gracias', 'a', 'las', 'y', 'los', 'periodistas', 'por', 'darme', 'la', 'oportunidad', 'de', 'conocerles', 'hoy', 'los', 'medios', 'digitales', 'son', 'parte', 'fundamental', 'en', 'la', 'forma', 'de', 'comunicar']",0.0
249,muchas gracias almita por abrirme las puertas de tu casa y conocer más de cerca a las familias de  gracias por su apoyo y compromiso para hacer de chiapas un estado con seguridad y bienestar social,"['muchas', 'gracias', 'almita', 'por', 'abrirme', 'las', 'puertas', 'de', 'tu', 'casa', 'y', 'conocer', 'más', 'de', 'cerca', 'a', 'las', 'familias', 'de', 'gracias', 'por', 'su', 'apoyo', 'y', 'compromiso', 'para', 'hacer', 'de', 'chiapas', 'un', 'estado', 'con', 'seguridad', 'y', 'bienestar', 'social']",0.0
252,el futuro que ellas sueñan y merecen sí es posible hagámoslo juntas ,"['el', 'futuro', 'que', 'ellas', 'sueñan', 'y', 'merecen', 'sí', 'es', 'posible', 'hagámoslo', 'juntas']",0.0
255,entre mujeres nos motivamos para seguir adelante gracias suchiapa,"['entre', 'mujeres', 'nos', 'motivamos', 'para', 'seguir', 'adelante', 'gracias', 'suchiapa']",0.0
258,en suchiapa nos reunimos con mujeres de lucha para reconocer su valentía de sacar adelante a sus familias y a su pueblo gracias por su recibimiento,"['en', 'suchiapa', 'nos', 'reunimos', 'con', 'mujeres', 'de', 'lucha', 'para', 'reconocer', 'su', 'valentía', 'de', 'sacar', 'adelante', 'a', 'sus', 'familias', 'y', 'a', 'su', 'pueblo', 'gracias', 'por', 'su', 'recibimiento']",0.0
261,la comunicación siempre ha sido fundamental en los procesos de transformación agradezco a la asociación nacional de locutores chiapas y a sus integrantes por esta mesa de diálogo y confianza,"['la', 'comunicación', 'siempre', 'ha', 'sido', 'fundamental', 'en', 'los', 'procesos', 'de', 'transformación', 'agradezco', 'a', 'la', 'asociación', 'nacional', 'de', 'locutores', 'chiapas', 'y', 'a', 'sus', 'integrantes', 'por', 'esta', 'mesa', 'de', 'diálogo', 'y', 'confianza']",0.34
264,él es rocky y hoy es su día ,"['él', 'es', 'rocky', 'y', 'hoy', 'es', 'su', 'día']",0.0
267,tuxtla ,['tuxtla'],0.0
270,chiapas de mi corazón ,"['chiapas', 'de', 'mi', 'corazón']",0.0
273,con claudia sheinbaum tendremos el gabinete más paritario de la historia de méxico estamos muy contentas y contentos de haberla acompañado en su gira por el estado,"['con', 'claudia', 'sheinbaum', 'tendremos', 'el', 'gabinete', 'más', 'paritario', 'de', 'la', 'historia', 'de', 'méxico', 'estamos', 'muy', 'contentas', 'y', 'contentos', 'de', 'haberla', 'acompañado', 'en', 'su', 'gira', 'por', 'el', 'estado']",0.0
276,es tiempo de mujeres,"['es', 'tiempo', 'de', 'mujeres']",0.0
279,las y los chiapanecos estamos convencidos de que la transformación sigue con claudia sheinbaumgracias tonalá y a las miles de personas que nos acompañaron en esta gira por el estado de chiapas ,"['las', 'y', 'los', 'chiapanecos', 'estamos', 'convencidos', 'de', 'que', 'la', 'transformación', 'sigue', 'con', 'claudia', 'sheinbaum', 'gracias', 'tonalá', 'y', 'a', 'las', 'miles', 'de', 'personas', 'que', 'nos', 'acompañaron', 'en', 'esta', 'gira', 'por', 'el', 'estado', 'de', 'chiapas']",0.0
282,en chiapas es hoy miles de chiapanecas y chiapanecos celebramos la visita de la dra claudia sheinbaum aquí estamos para apoyarla rumbo a la coordinación nacional de la defensa de la cuarta transformación de méxico ,"['en', 'chiapas', 'es', 'hoy', 'miles', 'de', 'chiapanecas', 'y', 'chiapanecos', 'celebramos', 'la', 'visita', 'de', 'la', 'dra', 'claudia', 'sheinbaum', 'aquí', 'estamos', 'para', 'apoyarla', 'rumbo', 'a', 'la', 'coordinación', 'nacional', 'de', 'la', 'defensa', 'de', 'la', 'cuarta', 'transformación', 'de', 'méxico']",0.0
285,un rico pozol para celebrar el  ,"['un', 'rico', 'pozol', 'para', 'celebrar', 'el']",0.0
288,la transformación del país sigue con la 4t ,"['la', 'transformación', 'del', 'país', 'sigue', 'con', 'la', '4t']",0.0
291,del senado de la república a chiapas ,"['del', 'senado', 'de', 'la', 'república', 'a', 'chiapas']",0.0
294,ni el sol ni la lluvia nos detuvo para celebrar 5 años de la victoria del pueblo  es un honor estar con obrador,"['ni', 'el', 'sol', 'ni', 'la', 'lluvia', 'nos', 'detuvo', 'para', 'celebrar', '5', 'años', 'de', 'la', 'victoria', 'del', 'pueblo', 'es', 'un', 'honor', 'estar', 'con', 'obrador']",0.4939
297,el movimiento por la 4ta transformación del méxico sigue adelante celebramos 5 años del cambio verdadero ni un paso atrás ,"['el', 'movimiento', 'por', 'la', '4ta', 'transformación', 'del', 'méxico', 'sigue', 'adelante', 'celebramos', '5', 'años', 'del', 'cambio', 'verdadero', 'ni', 'un', 'paso', 'atrás']",0.0
300,nos vemos a las 5 pm para celebrar los  ,"['nos', 'vemos', 'a', 'las', '5', 'pm', 'para', 'celebrar', 'los']",0.0
303,visitamos la zona arqueológica de palenque  declarado patrimonio de la humanidad de la unesco desde 1987 ,"['visitamos', 'la', 'zona', 'arqueológica', 'de', 'palenque', 'declarado', 'patrimonio', 'de', 'la', 'humanidad', 'de', 'la', 'unesco', 'desde', '1987']",0.0
306,iniciando la semana,"['iniciando', 'la', 'semana']",0.0
309,es momento de seguir caminando juntas trabajando para visibilizar nuestros derechos y empoderando a las chiapanecas ,"['es', 'momento', 'de', 'seguir', 'caminando', 'juntas', 'trabajando', 'para', 'visibilizar', 'nuestros', 'derechos', 'y', 'empoderando', 'a', 'las', 'chiapanecas']",0.0
312,con todo mi cariño y admiración para la amiga solidaria la mujer de retos y metas cumplidas por un año más de bendiciones y éxitos feliz cumpleaños claudia sheinbaum  ,"['con', 'todo', 'mi', 'cariño', 'y', 'admiración', 'para', 'la', 'amiga', 'solidaria', 'la', 'mujer', 'de', 'retos', 'y', 'metas', 'cumplidas', 'por', 'un', 'año', 'más', 'de', 'bendiciones', 'y', 'éxitos', 'feliz', 'cumpleaños', 'claudia', 'sheinbaum']",0.0
315,durante este recorrido aproveché para entrevistarme con la asociación ganadera de palenque las audiencias públicas son indispensables para la agenda legislativa nuestra prioridad como servidores es atender las demandas que la ciudadanía requiere para poder llevar a cabo políticas públicas a favor de todas y todos los chiapanecos,"['durante', 'este', 'recorrido', 'aproveché', 'para', 'entrevistarme', 'con', 'la', 'asociación', 'ganadera', 'de', 'palenque', 'las', 'audiencias', 'públicas', 'son', 'indispensables', 'para', 'la', 'agenda', 'legislativa', 'nuestra', 'prioridad', 'como', 'servidores', 'es', 'atender', 'las', 'demandas', 'que', 'la', 'ciudadanía', 'requiere', 'para', 'poder', 'llevar', 'a', 'cabo', 'políticas', 'públicas', 'a', 'favor', 'de', 'todas', 'y', 'todos', 'los', 'chiapanecos']",0.4019
318,tenemos una cita nos vemos el sábado 1 de julio en el zócalo de la ciudad de méxico  para acompañar al presidente andres manuel lopez obrador en la celebración de un año más de esta transformación sigamos haciendo historia,"['tenemos', 'una', 'cita', 'nos', 'vemos', 'el', 'sábado', '1', 'de', 'julio', 'en', 'el', 'zócalo', 'de', 'la', 'ciudad', 'de', 'méxico', 'para', 'acompañar', 'al', 'presidente', 'andres', 'manuel', 'lopez', 'obrador', 'en', 'la', 'celebración', 'de', 'un', 'año', 'más', 'de', 'esta', 'transformación', 'sigamos', 'haciendo', 'historia']",0.0
321,recorrimos  con gran aceptación su multiculturalidad nos enriquece el alma para seguir trabajando desde el  agradezco la confianza y las muestras de apoyo seguiremos trabajando de la mano con las y los chiapanecos,"['recorrimos', 'con', 'gran', 'aceptación', 'su', 'multiculturalidad', 'nos', 'enriquece', 'el', 'alma', 'para', 'seguir', 'trabajando', 'desde', 'el', 'agradezco', 'la', 'confianza', 'y', 'las', 'muestras', 'de', 'apoyo', 'seguiremos', 'trabajando', 'de', 'la', 'mano', 'con', 'las', 'y', 'los', 'chiapanecos']",0.0
324,mis outfits de la semana  les comparto un poquito de la diversidad cultural del estado de   sígueme en tiktok  wwwtiktokcomsasildeleon,"['mis', 'outfits', 'de', 'la', 'semana', 'les', 'comparto', 'un', 'poquito', 'de', 'la', 'diversidad', 'cultural', 'del', 'estado', 'de', 'sígueme', 'en', 'tiktok', 'www', 'tiktok', 'com', 'sasildeleon']",0.0
327,cuando pasen por el mercado de  no olviden ir por una rica empanada de quesillo y un pozol de cacao bien frío ,"['cuando', 'pasen', 'por', 'el', 'mercado', 'de', 'no', 'olviden', 'ir', 'por', 'una', 'rica', 'empanada', 'de', 'quesillo', 'y', 'un', 'pozol', 'de', 'cacao', 'bien', 'frío']",-0.296
330,agradezco a las más de 3000 personas que se dieron cita el día de hoy para inaugurar nuestra nueva oficina de enlace legislativo la casa de las y los chiapanecos será un gusto recibirles con los brazos abiertos ,"['agradezco', 'a', 'las', 'más', 'de', '3000', 'personas', 'que', 'se', 'dieron', 'cita', 'el', 'día', 'de', 'hoy', 'para', 'inaugurar', 'nuestra', 'nueva', 'oficina', 'de', 'enlace', 'legislativo', 'la', 'casa', 'de', 'las', 'y', 'los', 'chiapanecos', 'será', 'un', 'gusto', 'recibirles', 'con', 'los', 'brazos', 'abiertos']",0.0
333,inauguramos nuestra casa de enlace legislativo muchas gracias por acompañarme ,"['inauguramos', 'nuestra', 'casa', 'de', 'enlace', 'legislativo', 'muchas', 'gracias', 'por', 'acompañarme']",0.0
336,en  estamos de manteles largos hoy inauguramos el módulo de atención ciudadana que recibirá a las y los chiapanecos para escuchar atender y darle seguimiento a sus necesidades muchas gracias por acompañarme en esta gran fiesta,"['en', 'estamos', 'de', 'manteles', 'largos', 'hoy', 'inauguramos', 'el', 'módulo', 'de', 'atención', 'ciudadana', 'que', 'recibirá', 'a', 'las', 'y', 'los', 'chiapanecos', 'para', 'escuchar', 'atender', 'y', 'darle', 'seguimiento', 'a', 'sus', 'necesidades', 'muchas', 'gracias', 'por', 'acompañarme', 'en', 'esta', 'gran', 'fiesta']",0.4767
339,esta mañana me reuní con profesionistas egresados del exatec del sureste para hablar sobre los retos que desafían las y los profesionistas de  al concluir sus estudios desde el senado de la república trabajamos en políticas públicas que impulsan a este relevo a materializar sus aspiraciones de emprendimiento y desarrollo empresarial gracias por su acompañamiento,"['esta', 'mañana', 'me', 'reuní', 'con', 'profesionistas', 'egresados', 'del', 'exatec', 'del', 'sureste', 'para', 'hablar', 'sobre', 'los', 'retos', 'que', 'desafían', 'las', 'y', 'los', 'profesionistas', 'de', 'al', 'concluir', 'sus', 'estudios', 'desde', 'el', 'senado', 'de', 'la', 'república', 'trabajamos', 'en', 'políticas', 'públicas', 'que', 'impulsan', 'a', 'este', 'relevo', 'a', 'materializar', 'sus', 'aspiraciones', 'de', 'emprendimiento', 'y', 'desarrollo', 'empresarial', 'gracias', 'por', 'su', 'acompañamiento']",0.0
342,hoy tocó el turno de reunirme con grandes mujeres en tuxtla gutiérrez y siempre es enriquecedor escucharlas además fue un día especial porque me acompaño mi amiga  presidenta de suma mujeres construyendo sociedad me llena de emoción encontrar tanta fuerza tanta esperanza y tanta pasión en cada una de ellas gracias por acompañarme por sus palabras pero sobre todo por querer tanto como yo a chiapas es tiempo de las mujeres,"['hoy', 'tocó', 'el', 'turno', 'de', 'reunirme', 'con', 'grandes', 'mujeres', 'en', 'tuxtla', 'gutiérrez', 'y', 'siempre', 'es', 'enriquecedor', 'escucharlas', 'además', 'fue', 'un', 'día', 'especial', 'porque', 'me', 'acompaño', 'mi', 'amiga', 'presidenta', 'de', 'suma', 'mujeres', 'construyendo', 'sociedad', 'me', 'llena', 'de', 'emoción', 'encontrar', 'tanta', 'fuerza', 'tanta', 'esperanza', 'y', 'tanta', 'pasión', 'en', 'cada', 'una', 'de', 'ellas', 'gracias', 'por', 'acompañarme', 'por', 'sus', 'palabras', 'pero', 'sobre', 'todo', 'por', 'querer', 'tanto', 'como', 'yo', 'a', 'chiapas', 'es', 'tiempo', 'de', 'las', 'mujeres']",0.0
345,a todas las mujeres de tapachula a las que me acompañaron a quienes compartieron sus puntos de vista sus ideas y propuestas muchas gracias es tiempo de las mujeres,"['a', 'todas', 'las', 'mujeres', 'de', 'tapachula', 'a', 'las', 'que', 'me', 'acompañaron', 'a', 'quienes', 'compartieron', 'sus', 'puntos', 'de', 'vista', 'sus', 'ideas', 'y', 'propuestas', 'muchas', 'gracias', 'es', 'tiempo', 'de', 'las', 'mujeres']",0.0
348,estar con tantas mujeres entusiastas y alegres siempre me llena de energía tuve la fortuna de reunirme con amigas de tapachula para conversar sobre las principales inquietudes de su municipio la visión que tienen sobre las necesidades de la perla del soconusco las propuestas pero sobre todo el amor por su tierra me llenan de orgullo y me comprometen a seguir trabajando por la frontera sur de méxico,"['estar', 'con', 'tantas', 'mujeres', 'entusiastas', 'y', 'alegres', 'siempre', 'me', 'llena', 'de', 'energía', 'tuve', 'la', 'fortuna', 'de', 'reunirme', 'con', 'amigas', 'de', 'tapachula', 'para', 'conversar', 'sobre', 'las', 'principales', 'inquietudes', 'de', 'su', 'municipio', 'la', 'visión', 'que', 'tienen', 'sobre', 'las', 'necesidades', 'de', 'la', 'perla', 'del', 'soconusco', 'las', 'propuestas', 'pero', 'sobre', 'todo', 'el', 'amor', 'por', 'su', 'tierra', 'me', 'llenan', 'de', 'orgullo', 'y', 'me', 'comprometen', 'a', 'seguir', 'trabajando', 'por', 'la', 'frontera', 'sur', 'de', 'méxico']",0.6124
351,hoy celebramos el   desde nuestro chiapas amado refrendamos el compromiso de mitigación ambiental nuestras hijas e hijos también tienen derecho a conocer los hermosos paisajes de chiapas,"['hoy', 'celebramos', 'el', 'desde', 'nuestro', 'chiapas', 'amado', 'refrendamos', 'el', 'compromiso', 'de', 'mitigación', 'ambiental', 'nuestras', 'hijas', 'e', 'hijos', 'también', 'tienen', 'derecho', 'a', 'conocer', 'los', 'hermosos', 'paisajes', 'de', 'chiapas']",0.0
354,visité las instalaciones de la cruz roja en tuxtla gutiérrez y encontré mujeres y hombres con una gran vocación de servicio y amor al prójimo muchos de ellos voluntarios es decir que no reciben ningún tipo de remuneración por mi parte me llevo el compromiso de exponer en la agenda legislativa las necesidades que enfrenta la cruz roja delegación chiapas para que se traduzcan en iniciativas a favor de esta institución que salvaguarda la vida y la integridad física de las personas gracias por su invaluable labor,"['visité', 'las', 'instalaciones', 'de', 'la', 'cruz', 'roja', 'en', 'tuxtla', 'gutiérrez', 'y', 'encontré', 'mujeres', 'y', 'hombres', 'con', 'una', 'gran', 'vocación', 'de', 'servicio', 'y', 'amor', 'al', 'prójimo', 'muchos', 'de', 'ellos', 'voluntarios', 'es', 'decir', 'que', 'no', 'reciben', 'ningún', 'tipo', 'de', 'remuneración', 'por', 'mi', 'parte', 'me', 'llevo', 'el', 'compromiso', 'de', 'exponer', 'en', 'la', 'agenda', 'legislativa', 'las', 'necesidades', 'que', 'enfrenta', 'la', 'cruz', 'roja', 'delegación', 'chiapas', 'para', 'que', 'se', 'traduzcan', 'en', 'iniciativas', 'a', 'favor', 'de', 'esta', 'institución', 'que', 'salvaguarda', 'la', 'vida', 'y', 'la', 'integridad', 'física', 'de', 'las', 'personas', 'gracias', 'por', 'su', 'invaluable', 'labor']",0.6705
357,es un honor caminar contigo  te quiero mucho,"['es', 'un', 'honor', 'caminar', 'contigo', 'te', 'quiero', 'mucho']",0.4939
360,la cuarta transformación será una realidad en el estado de méxico con el triunfo histórico de la maestra delfina gómez por primera vez en la historia una mujer gobernará la entidad y no solo eso sacará del poder a quienes por años se han aprovechado de las y los mexiquenses un honor ser testigo del cariño que la gente le tiene a la maestra y la esperanza que significa para el pueblo del estado de méxico,"['la', 'cuarta', 'transformación', 'será', 'una', 'realidad', 'en', 'el', 'estado', 'de', 'méxico', 'con', 'el', 'triunfo', 'histórico', 'de', 'la', 'maestra', 'delfina', 'gómez', 'por', 'primera', 'vez', 'en', 'la', 'historia', 'una', 'mujer', 'gobernará', 'la', 'entidad', 'y', 'no', 'solo', 'eso', 'sacará', 'del', 'poder', 'a', 'quienes', 'por', 'años', 'se', 'han', 'aprovechado', 'de', 'las', 'y', 'los', 'mexiquenses', 'un', 'honor', 'ser', 'testigo', 'del', 'cariño', 'que', 'la', 'gente', 'le', 'tiene', 'a', 'la', 'maestra', 'y', 'la', 'esperanza', 'que', 'significa', 'para', 'el', 'pueblo', 'del', 'estado', 'de', 'méxico']",0.25
363,agradezco a  y a  por la invitación a montar a  ,"['agradezco', 'a', 'y', 'a', 'por', 'la', 'invitación', 'a', 'montar', 'a']",0.0
366,las y los servidores públicos debemos caminar con la gente escuchar sus necesidades y siempre servir de cara al pueblo las mujeres y hombres de ocosingo son parte de la transformación que están viviendo nuestro estado y nuestro país gracias siempre por su confianza,"['las', 'y', 'los', 'servidores', 'públicos', 'debemos', 'caminar', 'con', 'la', 'gente', 'escuchar', 'sus', 'necesidades', 'y', 'siempre', 'servir', 'de', 'cara', 'al', 'pueblo', 'las', 'mujeres', 'y', 'hombres', 'de', 'ocosingo', 'son', 'parte', 'de', 'la', 'transformación', 'que', 'están', 'viviendo', 'nuestro', 'estado', 'y', 'nuestro', 'país', 'gracias', 'siempre', 'por', 'su', 'confianza']",0.0
369,gracias ocosingo me siento muy agradecida con todas mis amigas y amigos de este gran municipio por su recibimiento y por permitirme caminar a su lado la mejor manera de continuar con la transformación de chiapas y de méxico es sin lugar a dudas de la mano de la gente,"['gracias', 'ocosingo', 'me', 'siento', 'muy', 'agradecida', 'con', 'todas', 'mis', 'amigas', 'y', 'amigos', 'de', 'este', 'gran', 'municipio', 'por', 'su', 'recibimiento', 'y', 'por', 'permitirme', 'caminar', 'a', 'su', 'lado', 'la', 'mejor', 'manera', 'de', 'continuar', 'con', 'la', 'transformación', 'de', 'chiapas', 'y', 'de', 'méxico', 'es', 'sin', 'lugar', 'a', 'dudas', 'de', 'la', 'mano', 'de', 'la', 'gente']",-0.5574
372,fue un gusto visitar las colonias nueva concepción y 6 de junio de tuxtla gutiérrez para convivir con jefas de familia agradezco su recibimiento y sus muestras de cariño seguiré impulsando desde el senado iniciativas que lleven bienestar a las familias chiapanecas,"['fue', 'un', 'gusto', 'visitar', 'las', 'colonias', 'nueva', 'concepción', 'y', '6', 'de', 'junio', 'de', 'tuxtla', 'gutiérrez', 'para', 'convivir', 'con', 'jefas', 'de', 'familia', 'agradezco', 'su', 'recibimiento', 'y', 'sus', 'muestras', 'de', 'cariño', 'seguiré', 'impulsando', 'desde', 'el', 'senado', 'iniciativas', 'que', 'lleven', 'bienestar', 'a', 'las', 'familias', 'chiapanecas']",0.0
375,tamarama giveaway participa en el giveaway para ganarte una tarjeta de regalo con valor de 3000 pesos en la tienda de joyería en tuxtla gutiérrez de  solo tienes que seguirme en mi cuenta de   seguir la cuenta de  darle like a esta publicación etiquetar a un amigo en la sección de comentarios entre más personas etiquetes tendrás más probabilidades de ganartienes hasta el 31 de mayo hasta las 12 del día para participar se dará a conocer a ganadores el mismo día alrededor del día mucho exito 1 la joyería se encuentra en tuxtla gutiérrez si requieres de envío corre por tu cuenta,"['tamarama', 'giveaway', 'participa', 'en', 'el', 'giveaway', 'para', 'ganarte', 'una', 'tarjeta', 'de', 'regalo', 'con', 'valor', 'de', '3', '000', 'pesos', 'en', 'la', 'tienda', 'de', 'joyería', 'en', 'tuxtla', 'gutiérrez', 'de', 'solo', 'tienes', 'que', 'seguirme', 'en', 'mi', 'cuenta', 'de', 'seguir', 'la', 'cuenta', 'de', 'darle', 'like', 'a', 'esta', 'publicación', 'etiquetar', 'a', 'un', 'amigo', 'en', 'la', 'sección', 'de', 'comentarios', 'entre', 'más', 'personas', 'etiquetes', 'tendrás', 'más', 'probabilidades', 'de', 'ganar', 'tienes', 'hasta', 'el', '31', 'de', 'mayo', 'hasta', 'las', '12', 'del', 'día', 'para', 'participar', 'se', 'dará', 'a', 'conocer', 'a', 'ganadores', 'el', 'mismo', 'día', 'alrededor', 'del', 'día', 'mucho', 'exito', '1', 'la', 'joyería', 'se', 'encuentra', 'en', 'tuxtla', 'gutiérrez', 'si', 'requieres', 'de', 'envío', 'corre', 'por', 'tu', 'cuenta']",0.3612
378,agradezco a mis amigos integrantes de la asociación de columnistas chiapanecos por el encuentro que sostuvimos en el que intercambiamos puntos de vista y opiniones sobre la vida pública de nuestro país nuestro estado y lo que estamos haciendo en el senado a favor de la transformación de méxico los medios de comunicación cumplen un papel fundamental en la construcción democrática de nuestra sociedad y es imperativo garantizar el ejercicio libre y pleno de su profesión,"['agradezco', 'a', 'mis', 'amigos', 'integrantes', 'de', 'la', 'asociación', 'de', 'columnistas', 'chiapanecos', 'por', 'el', 'encuentro', 'que', 'sostuvimos', 'en', 'el', 'que', 'intercambiamos', 'puntos', 'de', 'vista', 'y', 'opiniones', 'sobre', 'la', 'vida', 'pública', 'de', 'nuestro', 'país', 'nuestro', 'estado', 'y', 'lo', 'que', 'estamos', 'haciendo', 'en', 'el', 'senado', 'a', 'favor', 'de', 'la', 'transformación', 'de', 'méxico', 'los', 'medios', 'de', 'comunicación', 'cumplen', 'un', 'papel', 'fundamental', 'en', 'la', 'construcción', 'democrática', 'de', 'nuestra', 'sociedad', 'y', 'es', 'imperativo', 'garantizar', 'el', 'ejercicio', 'libre', 'y', 'pleno', 'de', 'su', 'profesión']",0.4019
381, los saludo desde tuxtla gutiérrez deseándoles un feliz inicio de semana,"['los', 'saludo', 'desde', 'tuxtla', 'gutiérrez', 'deseándoles', 'un', 'feliz', 'inicio', 'de', 'semana']",0.0
384,sostuvimos una emotiva reunión con mujeres líderes de todas las regiones de nuestro estado fue una oportunidad valiosa para intercambiar puntos de vista y encontrar con la participación de todas las coincidencias que nos permiten continuar con la transformación de chiapas y méxico,"['sostuvimos', 'una', 'emotiva', 'reunión', 'con', 'mujeres', 'líderes', 'de', 'todas', 'las', 'regiones', 'de', 'nuestro', 'estado', 'fue', 'una', 'oportunidad', 'valiosa', 'para', 'intercambiar', 'puntos', 'de', 'vista', 'y', 'encontrar', 'con', 'la', 'participación', 'de', 'todas', 'las', 'coincidencias', 'que', 'nos', 'permiten', 'continuar', 'con', 'la', 'transformación', 'de', 'chiapas', 'y', 'méxico']",0.0
387,terminamos una larga jornada de trabajo en  cenando con grandes amigos en mi lugar favorito casa de ahn provecho,"['terminamos', 'una', 'larga', 'jornada', 'de', 'trabajo', 'en', 'cenando', 'con', 'grandes', 'amigos', 'en', 'mi', 'lugar', 'favorito', 'casa', 'de', 'ahn', 'provecho']",0.0
390,gracias a todas las madres de familia de villaflores por su recibimiento y permitirme seguir celebrándolas como se merecen ustedes son ejemplo de fortaleza y lucha porque todos los días dan lo mejor de sí para sacar adelante a sus hijas e hijos felicidades mamás,"['gracias', 'a', 'todas', 'las', 'madres', 'de', 'familia', 'de', 'villaflores', 'por', 'su', 'recibimiento', 'y', 'permitirme', 'seguir', 'celebrándolas', 'como', 'se', 'merecen', 'ustedes', 'son', 'ejemplo', 'de', 'fortaleza', 'y', 'lucha', 'porque', 'todos', 'los', 'días', 'dan', 'lo', 'mejor', 'de', 'sí', 'para', 'sacar', 'adelante', 'a', 'sus', 'hijas', 'e', 'hijos', 'felicidades', 'mamás']",0.0
393,festejamos en grande a todas las mamás en el parque central de comitán tuvimos la oportunidad de disfrutar de un momento de alegría junto a las jefas de familia de este hermoso pueblo mágico gracias por acompañarnos en esta gran celebración,"['festejamos', 'en', 'grande', 'a', 'todas', 'las', 'mamás', 'en', 'el', 'parque', 'central', 'de', 'comitán', 'tuvimos', 'la', 'oportunidad', 'de', 'disfrutar', 'de', 'un', 'momento', 'de', 'alegría', 'junto', 'a', 'las', 'jefas', 'de', 'familia', 'de', 'este', 'hermoso', 'pueblo', 'mágico', 'gracias', 'por', 'acompañarnos', 'en', 'esta', 'gran', 'celebración']",0.0
396,hoy celebramos a las mujeres que han tenido la fortuna de ser madres reconozco su esfuerzo y el trabajo que realizan todos los días para sacar adelante a sus hijos y que no les falte nada feliz 10 de mayo a todas las mamás chiapanecas ha hacerlas sentir como lo que son las reinas del hogar muchas felicidades,"['hoy', 'celebramos', 'a', 'las', 'mujeres', 'que', 'han', 'tenido', 'la', 'fortuna', 'de', 'ser', 'madres', 'reconozco', 'su', 'esfuerzo', 'y', 'el', 'trabajo', 'que', 'realizan', 'todos', 'los', 'días', 'para', 'sacar', 'adelante', 'a', 'sus', 'hijos', 'y', 'que', 'no', 'les', 'falte', 'nada', 'feliz', '10', 'de', 'mayo', 'a', 'todas', 'las', 'mamás', 'chiapanecas', 'ha', 'hacerlas', 'sentir', 'como', 'lo', 'que', 'son', 'las', 'reinas', 'del', 'hogar', 'muchas', 'felicidades']",0.0516
399,la transformación de méxico y chiapas es una tarea diaria que se construye con trabajo puesto al servicio del pueblo agradezco la confianza que han depositado en mí las y los chiapanecos de seguir representándolos para alcanzar condiciones de vida más justas para todas y todos,"['la', 'transformación', 'de', 'méxico', 'y', 'chiapas', 'es', 'una', 'tarea', 'diaria', 'que', 'se', 'construye', 'con', 'trabajo', 'puesto', 'al', 'servicio', 'del', 'pueblo', 'agradezco', 'la', 'confianza', 'que', 'han', 'depositado', 'en', 'mí', 'las', 'y', 'los', 'chiapanecos', 'de', 'seguir', 'representándolos', 'para', 'alcanzar', 'condiciones', 'de', 'vida', 'más', 'justas', 'para', 'todas', 'y', 'todos']",0.0
402,ya basta de cobros injustos en las autopistas de chiapas por eso desde el senado hice un exhorto para que sea la secretaría de comunicaciones y transportes quien regule a las empresas que abusan con cuotas altísimas del pueblo chiapaneco,"['ya', 'basta', 'de', 'cobros', 'injustos', 'en', 'las', 'autopistas', 'de', 'chiapas', 'por', 'eso', 'desde', 'el', 'senado', 'hice', 'un', 'exhorto', 'para', 'que', 'sea', 'la', 'secretaría', 'de', 'comunicaciones', 'y', 'transportes', 'quien', 'regule', 'a', 'las', 'empresas', 'que', 'abusan', 'con', 'cuotas', 'altísimas', 'del', 'pueblo', 'chiapaneco']",0.0
405,giveaway express participa en el giveaway para ganarte uno de los 5 arreglos florales para mamá que hacemos en colaboración con  solo tienes que seguirme en mi cuenta de   seguir a  darle like  a esta publicaciónetiqueta un amigo en la sección de comentarios entre más personas etiquetes tendrás más probabilidades de ganartienes hasta el martes 9 de mayo hasta las 12 del día para participar se dará a conocer a ganadores el mismo día alrededor del día mucho exito válido solo en tuxtla gutiérrez chiapas,"['giveaway', 'express', 'participa', 'en', 'el', 'giveaway', 'para', 'ganarte', 'uno', 'de', 'los', '5', 'arreglos', 'florales', 'para', 'mamá', 'que', 'hacemos', 'en', 'colaboración', 'con', 'solo', 'tienes', 'que', 'seguirme', 'en', 'mi', 'cuenta', 'de', 'seguir', 'a', 'darle', 'like', 'a', 'esta', 'publicación', 'etiqueta', 'un', 'amigo', 'en', 'la', 'sección', 'de', 'comentarios', 'entre', 'más', 'personas', 'etiquetes', 'tendrás', 'más', 'probabilidades', 'de', 'ganar', 'tienes', 'hasta', 'el', 'martes', '9', 'de', 'mayo', 'hasta', 'las', '12', 'del', 'día', 'para', 'participar', 'se', 'dará', 'a', 'conocer', 'a', 'ganadores', 'el', 'mismo', 'día', 'alrededor', 'del', 'día', 'mucho', 'exito', 'válido', 'solo', 'en', 'tuxtla', 'gutiérrez', 'chiapas']",0.3612
408,las niñas y niños son el presente y futuro de chiapas en cada recorrido recibo con mucha emoción su cariño porque reconozco en sus rostros la esperanza en este día tan especial deseo que se cumplan todos los anhelos de su corazón feliz día de la niñez,"['las', 'niñas', 'y', 'niños', 'son', 'el', 'presente', 'y', 'futuro', 'de', 'chiapas', 'en', 'cada', 'recorrido', 'recibo', 'con', 'mucha', 'emoción', 'su', 'cariño', 'porque', 'reconozco', 'en', 'sus', 'rostros', 'la', 'esperanza', 'en', 'este', 'día', 'tan', 'especial', 'deseo', 'que', 'se', 'cumplan', 'todos', 'los', 'anhelos', 'de', 'su', 'corazón', 'feliz', 'día', 'de', 'la', 'niñez']",0.0
411,es un honor acompañar en la transformación del país a un hombre cuya lucha está cambiando la historia de nuestro méxico nos reunimos con nuestro presidente y mostramos nuestro respaldo para impulsar desde el senado de la república al movimiento del pueblo,"['es', 'un', 'honor', 'acompañar', 'en', 'la', 'transformación', 'del', 'país', 'a', 'un', 'hombre', 'cuya', 'lucha', 'está', 'cambiando', 'la', 'historia', 'de', 'nuestro', 'méxico', 'nos', 'reunimos', 'con', 'nuestro', 'presidente', 'y', 'mostramos', 'nuestro', 'respaldo', 'para', 'impulsar', 'desde', 'el', 'senado', 'de', 'la', 'república', 'al', 'movimiento', 'del', 'pueblo']",0.4939
414,nos reunimos en la casona de xicoténcatl antigua sede del senado para develación del billete de lotería en conmemoración del 160 aniversario del natalicio del dr belisario domínguez palencia médico del pueblocomo presidenta de la comisión que lleva su nombre pero sobre todo como chiapaneca me enorgullece que por medio de un billete conmemorativo de la  podamos seguir honrando se figura un hombre de principios que creyó hasta el final en que un méxico mejor y en paz era posible,"['nos', 'reunimos', 'en', 'la', 'casona', 'de', 'xicoténcatl', 'antigua', 'sede', 'del', 'senado', 'para', 'develación', 'del', 'billete', 'de', 'lotería', 'en', 'conmemoración', 'del', '160', 'aniversario', 'del', 'natalicio', 'del', 'dr', 'belisario', 'domínguez', 'palencia', 'médico', 'del', 'pueblo', 'como', 'presidenta', 'de', 'la', 'comisión', 'que', 'lleva', 'su', 'nombre', 'pero', 'sobre', 'todo', 'como', 'chiapaneca', 'me', 'enorgullece', 'que', 'por', 'medio', 'de', 'un', 'billete', 'conmemorativo', 'de', 'la', 'podamos', 'seguir', 'honrando', 'se', 'figura', 'un', 'hombre', 'de', 'principios', 'que', 'creyó', 'hasta', 'el', 'final', 'en', 'que', 'un', 'méxico', 'mejor', 'y', 'en', 'paz', 'era', 'posible']",0.0
417,empecé mi día con unas ricas empanadas y un pozol bien frío de doña noli  listos  para arrancar el sábado,"['empecé', 'mi', 'día', 'con', 'unas', 'ricas', 'empanadas', 'y', 'un', 'pozol', 'bien', 'frío', 'de', 'doña', 'noli', 'listos', 'para', 'arrancar', 'el', 'sábado']",0.0
420,conmemoramos la importancia de la inmigración japonesa a chiapas hace 126 años esto permitió unir a estas dos grandes culturas  como senadora por el estado de chiapas fue un honor destacar que nuestro estado fue la puerta de entrada a esta comunidad que nos enriquece y fortalece,"['conmemoramos', 'la', 'importancia', 'de', 'la', 'inmigración', 'japonesa', 'a', 'chiapas', 'hace', '126', 'años', 'esto', 'permitió', 'unir', 'a', 'estas', 'dos', 'grandes', 'culturas', 'como', 'senadora', 'por', 'el', 'estado', 'de', 'chiapas', 'fue', 'un', 'honor', 'destacar', 'que', 'nuestro', 'estado', 'fue', 'la', 'puerta', 'de', 'entrada', 'a', 'esta', 'comunidad', 'que', 'nos', 'enriquece', 'y', 'fortalece']",0.4939
423,fue un honor haber participado en la sesión solemne para la entrega de la  a la escritora y periodista la figura de doña elena poniatowska ha logrado contribuir desde el mundo de las letras para darle a la mujer un papel central en nuestra sociedadpocas escritoras han contado la vida de las mujeres anónimas a través de sus propias voces como lo ha hecho nuestra galardonadamujeres que se encuentran en su obra y son protagonistas de sus historias mujeres de carne y hueso nunca de ficción mujeres guerreras mujeres que si bien sufrieron también se atrevieron a romper con los estigmas que se les imponía este es un merecido reconocimiento a su trayectoria vida y lucha en favor de nuestro méxico,"['fue', 'un', 'honor', 'haber', 'participado', 'en', 'la', 'sesión', 'solemne', 'para', 'la', 'entrega', 'de', 'la', 'a', 'la', 'escritora', 'y', 'periodista', 'la', 'figura', 'de', 'doña', 'elena', 'poniatowska', 'ha', 'logrado', 'contribuir', 'desde', 'el', 'mundo', 'de', 'las', 'letras', 'para', 'darle', 'a', 'la', 'mujer', 'un', 'papel', 'central', 'en', 'nuestra', 'sociedad', 'pocas', 'escritoras', 'han', 'contado', 'la', 'vida', 'de', 'las', 'mujeres', 'anónimas', 'a', 'través', 'de', 'sus', 'propias', 'voces', 'como', 'lo', 'ha', 'hecho', 'nuestra', 'galardonada', 'mujeres', 'que', 'se', 'encuentran', 'en', 'su', 'obra', 'y', 'son', 'protagonistas', 'de', 'sus', 'historias', 'mujeres', 'de', 'carne', 'y', 'hueso', 'nunca', 'de', 'ficción', 'mujeres', 'guerreras', 'mujeres', 'que', 'si', 'bien', 'sufrieron', 'también', 'se', 'atrevieron', 'a', 'romper', 'con', 'los', 'estigmas', 'que', 'se', 'les', 'imponía', 'este', 'es', 'un', 'merecido', 'reconocimiento', 'a', 'su', 'trayectoria', 'vida', 'y', 'lucha', 'en', 'favor', 'de', 'nuestro', 'méxico']",0.8658
426,como presidenta de la comisión medalla belisario domínguez participé en la sesión solemne para la entrega de la  2022 a la escritora y periodista elena poniatowska amorme siento profundamente orgullosa de pertenecer a esta comisión como mujer y aún más como chiapaneca es un honor ser parte del máximo reconocimiento que otorga nuestro país y que lleva el nombre de uno de los chiapanecos más ilustres y en esta ocasión lo recibe una mexicana ejemplar  doña elena ha logrado contribuir desde el mundo de las letras para darle a la mujer un papel central en nuestra sociedada pesar de encontrarse muchas veces en situaciones adversas por su condición de mujer ahí donde había una injusticia estaba ella para levantar la voz y denunciar comprometida siempre con las causas justas fue la suya una lucha que abrió brecha al feminismo en nuestro país y quizá por esta razón su oficio como periodista se inclinó a contar la historia de los olvidados del otro méxico el de las orillas de los que no se mezclan y no se importanuna mujer sensible y brillante enhorabuena doña elena poniatowska amor,"['como', 'presidenta', 'de', 'la', 'comisión', 'medalla', 'belisario', 'domínguez', 'participé', 'en', 'la', 'sesión', 'solemne', 'para', 'la', 'entrega', 'de', 'la', '2022', 'a', 'la', 'escritora', 'y', 'periodista', 'elena', 'poniatowska', 'amor', 'me', 'siento', 'profundamente', 'orgullosa', 'de', 'pertenecer', 'a', 'esta', 'comisión', 'como', 'mujer', 'y', 'aún', 'más', 'como', 'chiapaneca', 'es', 'un', 'honor', 'ser', 'parte', 'del', 'máximo', 'reconocimiento', 'que', 'otorga', 'nuestro', 'país', 'y', 'que', 'lleva', 'el', 'nombre', 'de', 'uno', 'de', 'los', 'chiapanecos', 'más', 'ilustres', 'y', 'en', 'esta', 'ocasión', 'lo', 'recibe', 'una', 'mexicana', 'ejemplar', 'doña', 'elena', 'ha', 'logrado', 'contribuir', 'desde', 'el', 'mundo', 'de', 'las', 'letras', 'para', 'darle', 'a', 'la', 'mujer', 'un', 'papel', 'central', 'en', 'nuestra', 'sociedad', 'a', 'pesar', 'de', 'encontrarse', 'muchas', 'veces', 'en', 'situaciones', 'adversas', 'por', 'su', 'condición', 'de', 'mujer', 'ahí', 'donde', 'había', 'una', 'injusticia', 'estaba', 'ella', 'para', 'levantar', 'la', 'voz', 'y', 'denunciar', 'comprometida', 'siempre', 'con', 'las', 'causas', 'justas', 'fue', 'la', 'suya', 'una', 'lucha', 'que', 'abrió', 'brecha', 'al', 'feminismo', 'en', 'nuestro', 'país', 'y', 'quizá', 'por', 'esta', 'razón', 'su', 'oficio', 'como', 'periodista', 'se', 'inclinó', 'a', 'contar', 'la', 'historia', 'de', 'los', 'olvidados', 'del', 'otro', 'méxico', 'el', 'de', 'las', 'orillas', 'de', 'los', 'que', 'no', 'se', 'mezclan', 'y', 'no', 'se', 'importan', 'una', 'mujer', 'sensible', 'y', 'brillante', 'enhorabuena', 'doña', 'elena', 'poniatowska', 'amor']",0.7351
429,mientras espero mi vuelo les cuento un poco mi día de ayerprimero tuvimos una entrevista con mis amigos de   a quiénes agradezco la invitacióndespués tuvimos una reunión de trabajo donde salude a mis queridas amigas de tenejapa a quienes agradezco mucho el detalle me hizo el díapasamos rápido por unas botanas a mi lugar favorito  luego fuimos con mis amigas de  donde disfrutamos de un café y una plática enriquecedora siempre un gusto más tarde pasé por otro rico café a café la pochota y me encontré a mi gran amigo fer ugarte quien me invitó a la transmisión en vivo de  donde nos divertimos mucho con todo su público  para hacer un ratito de tiempo compartí una  paleta lupita de grosella con mi hermana en el parque vista hermosa que estaba muy cerca de las instalaciones de canal 13 donde charlé con valente molina  agradezco mucho la invitación ahorita vamos camino al senado de la república  y como es costumbre regresamos el jueves para seguir con nuestra agenda,"['mientras', 'espero', 'mi', 'vuelo', 'les', 'cuento', 'un', 'poco', 'mi', 'día', 'de', 'ayer', 'primero', 'tuvimos', 'una', 'entrevista', 'con', 'mis', 'amigos', 'de', 'a', 'quiénes', 'agradezco', 'la', 'invitación', 'después', 'tuvimos', 'una', 'reunión', 'de', 'trabajo', 'donde', 'salude', 'a', 'mis', 'queridas', 'amigas', 'de', 'tenejapa', 'a', 'quienes', 'agradezco', 'mucho', 'el', 'detalle', 'me', 'hizo', 'el', 'día', 'pasamos', 'rápido', 'por', 'unas', 'botanas', 'a', 'mi', 'lugar', 'favorito', 'luego', 'fuimos', 'con', 'mis', 'amigas', 'de', 'donde', 'disfrutamos', 'de', 'un', 'café', 'y', 'una', 'plática', 'enriquecedora', 'siempre', 'un', 'gusto', 'más', 'tarde', 'pasé', 'por', 'otro', 'rico', 'café', 'a', 'café', 'la', 'pochota', 'y', 'me', 'encontré', 'a', 'mi', 'gran', 'amigo', 'fer', 'ugarte', 'quien', 'me', 'invitó', 'a', 'la', 'transmisión', 'en', 'vivo', 'de', 'donde', 'nos', 'divertimos', 'mucho', 'con', 'todo', 'su', 'público', 'para', 'hacer', 'un', 'ratito', 'de', 'tiempo', 'compartí', 'una', 'paleta', 'lupita', 'de', 'grosella', 'con', 'mi', 'hermana', 'en', 'el', 'parque', 'vista', 'hermosa', 'que', 'estaba', 'muy', 'cerca', 'de', 'las', 'instalaciones', 'de', 'canal', '13', 'donde', 'charlé', 'con', 'valente', 'molina', 'agradezco', 'mucho', 'la', 'invitación', 'ahorita', 'vamos', 'camino', 'al', 'senado', 'de', 'la', 'república', 'y', 'como', 'es', 'costumbre', 'regresamos', 'el', 'jueves', 'para', 'seguir', 'con', 'nuestra', 'agenda']",0.0
432,fue un gusto enorme visitar a la escritora elena poniatowska junto a mis compañeros para anunciarle su elección como la más reciente merecedora de la medalla belisario domínguez qué honor poder entregar personalmente su invitación a la sesión solemne que se realizará este miércoles 19 en el senado de la república ,"['fue', 'un', 'gusto', 'enorme', 'visitar', 'a', 'la', 'escritora', 'elena', 'poniatowska', 'junto', 'a', 'mis', 'compañeros', 'para', 'anunciarle', 'su', 'elección', 'como', 'la', 'más', 'reciente', 'merecedora', 'de', 'la', 'medalla', 'belisario', 'domínguez', 'qué', 'honor', 'poder', 'entregar', 'personalmente', 'su', 'invitación', 'a', 'la', 'sesión', 'solemne', 'que', 'se', 'realizará', 'este', 'miércoles', '19', 'en', 'el', 'senado', 'de', 'la', 'república']",0.4939
435,hoy los integrantes de la comisión medalla belisario domínguez  visitamos a doña elena poniatowska para notificarle que el senado aprobó otorgarle la medalla belisario domínguez 2022como presidenta de la comisión que lleva el nombre del senador chiapaneco belisario domínguez es un honor seguir honrando su memoria y sus ideales de libertad justicia e igualdadla sesión solemne se llevará a cabo el próximo miércoles 19 en el senado de la república,"['hoy', 'los', 'integrantes', 'de', 'la', 'comisión', 'medalla', 'belisario', 'domínguez', 'visitamos', 'a', 'doña', 'elena', 'poniatowska', 'para', 'notificarle', 'que', 'el', 'senado', 'aprobó', 'otorgarle', 'la', 'medalla', 'belisario', 'domínguez', '2022', 'como', 'presidenta', 'de', 'la', 'comisión', 'que', 'lleva', 'el', 'nombre', 'del', 'senador', 'chiapaneco', 'belisario', 'domínguez', 'es', 'un', 'honor', 'seguir', 'honrando', 'su', 'memoria', 'y', 'sus', 'ideales', 'de', 'libertad', 'justicia', 'e', 'igualdad', 'la', 'sesión', 'solemne', 'se', 'llevará', 'a', 'cabo', 'el', 'próximo', 'miércoles', '19', 'en', 'el', 'senado', 'de', 'la', 'república']",0.4939
438,en la reunión de la comisión medalla belisario domínguez del   que me honro en presidir aprobamos por unanimidad otorgar la medalla 2022 a la escritora y periodista  doña elena es referente de compromiso social de espíritu cívico servicio a la patria humanismo y sobre todo de libertad valores que la hacen merecedora a recibir esta alta distinción,"['en', 'la', 'reunión', 'de', 'la', 'comisión', 'medalla', 'belisario', 'domínguez', 'del', 'que', 'me', 'honro', 'en', 'presidir', 'aprobamos', 'por', 'unanimidad', 'otorgar', 'la', 'medalla', '2022', 'a', 'la', 'escritora', 'y', 'periodista', 'doña', 'elena', 'es', 'referente', 'de', 'compromiso', 'social', 'de', 'espíritu', 'cívico', 'servicio', 'a', 'la', 'patria', 'humanismo', 'y', 'sobre', 'todo', 'de', 'libertad', 'valores', 'que', 'la', 'hacen', 'merecedora', 'a', 'recibir', 'esta', 'alta', 'distinción']",0.0
441,el día de hoy en san cristobal de las casas tuve la oportunidad de saludar al artista  muchísimas gracias jesús por esta hermosa obra de arte leonés cosmos sin duda eres un gran talento chiapaneco pronto tendremos la oportunidad de tenerte  en el senado de república ,"['el', 'día', 'de', 'hoy', 'en', 'san', 'cristobal', 'de', 'las', 'casas', 'tuve', 'la', 'oportunidad', 'de', 'saludar', 'al', 'artista', 'muchísimas', 'gracias', 'jesús', 'por', 'esta', 'hermosa', 'obra', 'de', 'arte', 'leonés', 'cosmos', 'sin', 'duda', 'eres', 'un', 'gran', 'talento', 'chiapaneco', 'pronto', 'tendremos', 'la', 'oportunidad', 'de', 'tenerte', 'en', 'el', 'senado', 'de', 'república']",-0.5574
444,para defender y dignificar las causas de la gente es necesario caminar escuchar sus historias de vida y tener conciencia de los retos en cada una de las comunidades que visitamos es un gusto mantenernos en constante comunicación para representarlos dignamente,"['para', 'defender', 'y', 'dignificar', 'las', 'causas', 'de', 'la', 'gente', 'es', 'necesario', 'caminar', 'escuchar', 'sus', 'historias', 'de', 'vida', 'y', 'tener', 'conciencia', 'de', 'los', 'retos', 'en', 'cada', 'una', 'de', 'las', 'comunidades', 'que', 'visitamos', 'es', 'un', 'gusto', 'mantenernos', 'en', 'constante', 'comunicación', 'para', 'representarlos', 'dignamente']",0.1027
447,llevamos el cine a la colonia ruiz ferro en chiapa de corzo pasamos una tarde increíble con niñas niños y su familias disfrutando de una película para los reyes del hogar poder convivir con la gente en las colonias y los barrios es una gran oportunidad para escuchar sus inquietudes estén pendientes para la siguiente función,"['llevamos', 'el', 'cine', 'a', 'la', 'colonia', 'ruiz', 'ferro', 'en', 'chiapa', 'de', 'corzo', 'pasamos', 'una', 'tarde', 'increíble', 'con', 'niñas', 'niños', 'y', 'su', 'familias', 'disfrutando', 'de', 'una', 'película', 'para', 'los', 'reyes', 'del', 'hogar', 'poder', 'convivir', 'con', 'la', 'gente', 'en', 'las', 'colonias', 'y', 'los', 'barrios', 'es', 'una', 'gran', 'oportunidad', 'para', 'escuchar', 'sus', 'inquietudes', 'estén', 'pendientes', 'para', 'la', 'siguiente', 'función']",0.0
